collection_time,cpu_util,watts
1682320879.993947,7.894736842105263,2.136
1682320880.094033,25.64102564102564,2.136
1682320880.194135,27.500000000000004,2.136
1682320880.294327,60.0,2.136
1682320880.39443,61.53846153846154,2.646718016451049
1682320880.494699,37.5,3.3408087069986205
1682320880.594789,32.5,4.033659946937357
1682320880.694854,33.33333333333333,4.567
1682320880.795036,32.5,4.567
1682320880.894989,9.75609756097561,4.567
1682320880.995061,5.0,4.567
1682320881.09518,0.0,4.5679841413989335
1682320881.195236,0.0,4.568841856814777
1682320881.295308,0.0,4.57
1682320881.395385,0.0,4.57
1682320881.495456,0.0,4.57
1682320881.595528,0.0,4.57
1682320881.695602,0.0,4.2799980485304845
1682320881.795678,0.0,3.7876942204963435
1682320881.895752,0.0,3.295399775285328
1682320881.995849,2.4390243902439024,2.904
1682320882.095915,0.0,2.904
1682320882.195987,0.0,2.904
1682320882.296057,0.0,2.904
1682320882.396346,46.15384615384615,2.903387717823961
1682320882.49637,37.5,2.9027293619912733
1682320882.596607,37.5,2.902
1682320882.696517,15.0,2.902
1682320882.796596,0.0,2.902
1682320882.896675,2.5,2.902
1682320882.996983,29.268292682926827,2.902
1682320883.097142,35.8974358974359,3.1406443039410865
1682320883.197351,36.58536585365854,3.3283060159870184
1682320883.297341,25.64102564102564,3.449
1682320883.397428,0.0,3.449
1682320883.497597,0.0,3.449
1682320883.597925,51.28205128205128,3.449
1682320883.698068,35.0,3.450078404140562
1682320883.798395,41.46341463414634,3.450922133212852
1682320883.89851,5.0,3.452
1682320883.998573,0.0,3.452
1682320884.098885,58.97435897435898,3.452
1682320884.198969,35.0,3.452
1682320884.299304,36.58536585365854,3.583637458675657
1682320884.399315,10.256410256410255,3.7484020817649175
1682320884.499383,0.0,3.913260187882557
1682320884.599673,35.8974358974359,4.076
1682320884.699888,32.5,4.076
1682320884.800006,37.5,4.076
1682320884.900003,20.51282051282051,4.076
1682320885.00011,0.0,4.076783109027864
1682320885.100374,33.33333333333333,4.077722069112828
1682320885.200547,35.0,4.079
1682320885.300637,35.0,4.079
1682320885.400671,25.64102564102564,4.079
1682320885.500666,0.0,4.079
1682320885.600868,25.64102564102564,3.989220765721661
1682320885.700967,50.0,3.829403877329591
1682320885.801083,33.33333333333333,3.669559962363311
1682320885.901139,30.0,3.511
1682320886.001248,5.0,3.511
1682320886.101897,37.5,3.511
1682320886.201823,38.095238095238095,3.511
1682320886.301922,39.02439024390244,3.5099877224608296
1682320886.401895,22.5,3.509159197023515
1682320886.501975,5.0,3.508
1682320886.602384,17.94871794871795,3.508
1682320886.702405,42.5,3.508
1682320886.802823,33.33333333333333,3.508
1682320886.902628,29.268292682926827,3.508
1682320887.002713,5.0,3.508
1682320887.103051,15.384615384615385,3.6396440643505055
1682320887.20344,43.90243902439025,3.752200693688475
1682320887.303397,33.33333333333333,3.909
1682320887.403399,29.268292682926827,3.909
1682320887.503503,0.0,3.909
1682320887.603852,17.94871794871795,3.909
1682320887.703974,53.65853658536586,3.909
1682320887.804188,33.33333333333333,3.9094558919475593
1682320887.90403,25.64102564102564,3.9097621907155418
1682320888.004131,2.564102564102564,3.91
1682320888.104792,7.317073170731707,3.91
1682320888.204829,51.28205128205128,3.91
1682320888.305471,32.5,3.91
1682320888.404894,40.0,3.941409584607854
1682320888.504969,2.5,3.973208949009695
1682320888.606091,0.0,4.005341122475673
1682320888.705696,50.0,4.027
1682320888.805974,33.33333333333333,4.027
1682320888.905669,39.02439024390244,4.027
1682320889.006533,2.5,4.027
1682320889.106297,2.5,4.027
1682320889.206609,50.0,4.027
1682320889.307172,35.0,4.027
1682320889.407015,36.58536585365854,4.027
1682320889.507001,7.5,4.027
1682320889.607065,0.0,4.027
1682320889.707154,0.0,4.027
1682320889.807231,0.0,3.897817028455155
1682320889.907314,0.0,3.659576546018974
1682320890.007393,0.0,3.4213462792645775
1682320890.107473,2.564102564102564,3.1831131748207966
1682320890.207928,25.0,3.048
1682320890.307978,50.0,3.048
1682320890.408374,35.0,3.048
1682320890.508137,25.64102564102564,3.048
1682320890.60821,2.4390243902439024,3.048
1682320890.708298,0.0,3.047676358346343
1682320890.80835,0.0,3.0473955456638713
1682320890.908422,0.0,3.047
1682320891.008505,0.0,3.047
1682320891.108572,0.0,3.047
1682320891.208685,0.0,3.047
1682320891.308732,0.0,3.047
1682320891.408795,0.0,3.047
1682320891.508869,0.0,3.002806539389557
1682320891.608944,0.0,2.969595872357787
1682320891.709018,0.0,2.932
1682320891.809095,0.0,2.932
1682320891.90917,0.0,2.932
1682320892.009248,0.0,2.932
1682320892.109332,0.0,2.932
1682320892.209407,0.0,2.9315615071775936
1682320892.3095,2.5,2.931263588605264
1682320892.409562,0.0,2.931
1682320892.509642,0.0,2.931
1682320892.609715,0.0,2.931
1682320892.709786,0.0,2.931
1682320892.809862,0.0,2.9209319186497993
1682320892.909935,0.0,2.9128305403595274
1682320893.010023,2.564102564102564,2.901
1682320893.110087,0.0,2.901
1682320893.210156,0.0,2.901
1682320893.310241,0.0,2.901
1682320893.41031,0.0,2.901151286470665
1682320893.510379,2.4390243902439024,2.9014340903608695
1682320893.610458,0.0,2.9017169218765373
1682320893.710528,0.0,2.902
1682320893.810607,0.0,2.902
1682320893.910681,0.0,2.902
1682320894.010914,0.0,2.902
1682320894.110839,0.0,2.902
1682320894.210908,0.0,2.9100626055046357
1682320894.310992,2.5,2.92083701824897
1682320894.411063,0.0,2.9316100193289425
1682320894.511134,0.0,2.941
1682320894.611212,0.0,2.941
1682320894.711286,2.5,2.941
1682320894.81136,0.0,2.941
1682320894.911432,2.4390243902439024,2.9397372604144385
1682320895.011508,0.0,2.9385970989987062
1682320895.111588,0.0,2.937
1682320895.211829,0.0,2.937
1682320895.311918,52.5,2.937
1682320895.412107,35.8974358974359,2.937
1682320895.512184,34.146341463414636,3.099720749928224
1682320895.612202,23.076923076923077,3.375250947504762
1682320895.712306,0.0,3.651018248725408
1682320895.812377,0.0,3.939
1682320895.912452,2.4390243902439024,3.939
1682320896.012534,0.0,3.939
1682320896.112601,0.0,3.939
1682320896.212675,0.0,3.939
1682320896.312748,0.0,3.939
1682320896.41283,2.5,3.9405962576386457
1682320896.5129,2.4390243902439024,3.941927634886624
1682320896.612969,0.0,3.943
1682320896.713049,2.5,3.943
1682320896.813116,0.0,3.943
1682320896.913267,0.0,3.943
1682320897.013267,0.0,3.5973394674219845
1682320897.113369,0.0,3.2969338854669346
1682320897.213415,0.0,2.996696444435148
1682320897.313485,0.0,2.78
1682320897.413562,0.0,2.78
1682320897.514259,0.0,2.78
1682320897.614117,47.5,2.78
1682320897.714398,33.33333333333333,2.78
1682320897.814315,37.5,2.78
1682320897.914385,2.5,2.78
1682320898.014454,0.0,2.78
1682320898.114596,10.0,2.78
1682320898.214658,0.0,2.78
1682320898.315024,41.46341463414634,2.78
1682320898.415138,38.46153846153847,2.78
1682320898.515209,31.57894736842105,2.78
1682320898.61525,16.666666666666664,3.0895794699947023
1682320898.715321,2.631578947368421,3.4205259150660963
1682320898.815397,2.4390243902439024,3.7514889181830497
1682320898.915638,55.26315789473685,4.06
1682320899.015968,39.02439024390244,4.06
1682320899.115912,39.02439024390244,4.06
1682320899.21595,5.0,4.06
1682320899.316022,2.631578947368421,4.06
1682320899.416227,22.5,4.060561542861438
1682320899.516319,42.5,4.061384843324585
1682320899.616439,34.21052631578947,4.0622083751973355
1682320899.716457,27.500000000000004,4.063
1682320899.816526,2.631578947368421,4.063
1682320899.916795,22.5,4.063
1682320900.01688,38.46153846153847,4.063
1682320900.117035,35.0,4.063
1682320900.217022,27.500000000000004,4.063
1682320900.317153,2.564102564102564,4.008701633066919
1682320900.417327,2.5,3.9712932898123525
1682320900.517484,57.49999999999999,3.942
1682320900.617779,33.33333333333333,3.942
1682320900.718001,40.0,3.942
1682320900.817951,19.51219512195122,3.942
1682320900.918033,2.564102564102564,3.942
1682320901.018106,0.0,3.942
1682320901.118519,55.00000000000001,3.942
1682320901.218708,35.0,3.942
1682320901.318744,35.0,3.942
1682320901.41875,10.256410256410255,3.942
1682320901.5188,0.0,3.8483077593239563
1682320901.619209,51.28205128205128,3.689760579068351
1682320901.719378,35.0,3.531592500147004
1682320901.819509,35.0,3.385
1682320901.919508,14.634146341463413,3.385
1682320902.019538,2.5,3.385
1682320902.119966,50.0,3.385
1682320902.219887,33.33333333333333,3.3847030166380976
1682320902.319921,40.0,3.3844280915986515
1682320902.420019,0.0,3.3841529909523134
1682320902.520072,0.0,3.384
1682320902.62036,40.0,3.384
1682320902.720723,40.476190476190474,3.384
1682320902.820827,30.76923076923077,3.384
1682320902.92074,13.157894736842104,3.384
1682320903.020844,0.0,3.5437930852775867
1682320903.121186,53.65853658536586,3.7293221481751253
1682320903.221287,35.8974358974359,3.988
1682320903.321545,35.0,3.988
1682320903.421554,10.0,3.988
1682320903.521665,2.564102564102564,3.988
1682320903.622175,40.0,3.988
1682320903.722141,38.46153846153847,3.988818860626354
1682320903.822289,35.0,3.989472428987528
1682320903.9223,15.384615384615385,3.99
1682320904.022325,0.0,3.99
1682320904.122851,37.5,3.99
1682320904.223267,35.0,3.99
1682320904.323208,39.02439024390244,4.032807551240899
1682320904.423187,15.384615384615385,4.090672950481636
1682320904.523247,2.564102564102564,4.166
1682320904.623627,23.076923076923077,4.166
1682320904.723738,39.02439024390244,4.166
1682320904.824134,39.02439024390244,4.166
1682320904.923866,27.500000000000004,4.166
1682320905.023979,2.5,4.165606092879123
1682320905.124058,0.0,4.165283079020898
1682320905.224171,55.00000000000001,4.165
1682320905.324385,33.33333333333333,4.165
1682320905.424807,36.58536585365854,4.165
1682320905.524776,8.108108108108109,4.165
1682320905.625073,14.634146341463413,4.04060077900499
1682320905.725067,55.26315789473685,3.822743972004111
1682320905.825267,35.0,3.511
1682320905.925466,33.33333333333333,3.511
1682320906.025328,12.82051282051282,3.511
1682320906.12556,10.0,3.511
1682320906.225767,43.90243902439025,3.511
1682320906.325931,34.21052631578947,3.511
1682320906.425939,32.5,3.511
1682320906.526035,0.0,3.511
1682320906.626113,4.878048780487805,3.511
1682320906.726217,0.0,3.511
1682320906.826517,42.5,3.511
1682320906.926639,35.0,3.5773512065902695
1682320907.027094,30.76923076923077,3.6515079715949006
1682320907.126843,10.526315789473683,3.747
1682320907.226882,2.5,3.747
1682320907.327347,42.5,3.747
1682320907.427437,43.58974358974359,3.747
1682320907.527579,36.58536585365854,3.747
1682320907.627548,15.0,3.747
1682320907.727625,2.5,3.747
1682320907.828067,48.78048780487805,3.747
1682320907.92813,35.0,3.747
1682320908.028282,35.0,3.747
1682320908.128333,12.82051282051282,3.747
1682320908.228356,2.564102564102564,3.747
1682320908.328895,30.76923076923077,3.747
1682320908.428933,35.8974358974359,3.6992127786157307
1682320908.528909,39.02439024390244,3.667341406074933
1682320908.629407,20.0,3.631
1682320908.729455,2.564102564102564,3.631
1682320908.829815,28.205128205128204,3.631
1682320908.93016,39.02439024390244,3.631
1682320909.030431,36.58536585365854,3.631
1682320909.130167,25.0,3.631
1682320909.230285,5.0,3.631
1682320909.330629,17.94871794871795,3.631
1682320909.430802,51.21951219512195,3.631
1682320909.531124,33.33333333333333,3.631
1682320909.630941,27.500000000000004,3.6578316862278006
1682320909.731017,0.0,3.708928008659711
1682320909.831311,25.0,3.7601354709186148
1682320909.931583,43.90243902439025,3.826
1682320910.031813,33.33333333333333,3.826
1682320910.131732,25.64102564102564,3.826
1682320910.231822,5.0,3.826
1682320910.331883,0.0,3.826
1682320910.432261,48.78048780487805,3.826
1682320910.532238,35.0,3.826
1682320910.632449,35.0,3.826
1682320910.73243,10.256410256410255,3.826
1682320910.832471,0.0,3.7515040696119453
1682320910.932704,43.58974358974359,3.6655206545033185
1682320911.033058,35.0,3.579433545860173
1682320911.133173,35.0,3.527
1682320911.233176,7.894736842105263,3.527
1682320911.333151,2.5,3.527
1682320911.433664,40.0,3.527
1682320911.533792,45.0,3.527
1682320911.633852,35.0,3.527
1682320911.733879,15.384615384615385,3.527
1682320911.833943,2.5,3.527
1682320911.934402,35.8974358974359,3.527
1682320912.034716,39.02439024390244,3.527
1682320912.134766,38.46153846153847,3.6923382851185824
1682320912.234759,20.0,3.8641023493056332
1682320912.334824,2.5,4.035990096429503
1682320912.434887,0.0,4.187
1682320912.535378,47.5,4.187
1682320912.635234,33.33333333333333,4.187
1682320912.735754,36.58536585365854,4.187
1682320912.835469,10.0,4.187
1682320912.935523,0.0,4.1865013268181555
1682320913.035594,0.0,4.185931459608587
1682320913.135693,0.0,4.185361432189715
1682320913.235743,0.0,4.185
1682320913.335907,5.128205128205128,4.185
1682320913.435957,0.0,4.185
1682320913.536024,0.0,4.185
1682320913.636116,0.0,3.721793400307102
1682320913.736184,0.0,3.3674009112714645
1682320913.836259,2.5,2.923
1682320913.936351,2.5,2.923
1682320914.036409,2.4390243902439024,2.923
1682320914.136588,0.0,2.923
1682320914.236722,58.97435897435898,2.923
1682320914.336951,33.33333333333333,2.923
1682320914.436899,35.0,2.923
1682320914.536946,9.75609756097561,2.923
1682320914.637018,0.0,2.923
1682320914.737137,0.0,2.923
1682320914.837198,0.0,2.923
1682320914.937278,2.5,2.961171559923135
1682320915.037344,0.0,3.017321702220817
1682320915.137515,20.0,3.099
1682320915.237671,41.02564102564102,3.099
1682320915.337888,35.8974358974359,3.099
1682320915.437852,30.0,3.099
1682320915.537914,0.0,3.099
1682320915.638004,2.5,3.099
1682320915.73814,0.0,3.099
1682320915.838325,0.0,3.099
1682320915.938447,0.0,3.099
1682320916.038477,7.894736842105263,3.099
1682320916.138646,0.0,3.099
1682320916.238691,55.00000000000001,3.099
1682320916.338942,38.095238095238095,3.0452468643798114
1682320916.43906,35.0,2.9742020559947044
1682320916.53905,25.0,2.9032479305108163
1682320916.639117,0.0,2.847
1682320916.73919,2.5,2.847
1682320916.839263,0.0,2.847
1682320916.939381,0.0,2.847
1682320917.039415,2.5,2.8473445699202378
1682320917.139513,2.4390243902439024,2.8476538660729873
1682320917.239582,0.0,2.848
1682320917.339656,0.0,2.848
1682320917.439724,0.0,2.848
1682320917.539953,35.0,2.848
1682320917.640108,36.58536585365854,3.018675480250876
1682320917.740271,35.8974358974359,3.3112279954393395
1682320917.840299,10.526315789473683,3.6033856719028097
1682320917.940373,2.4390243902439024,3.904
1682320918.040423,0.0,3.904
1682320918.140489,0.0,3.904
1682320918.240568,0.0,3.904
1682320918.340656,2.4390243902439024,3.904
1682320918.44073,0.0,3.9036587485707757
1682320918.540799,0.0,3.903143283475775
1682320918.6409,0.0,3.902627652584639
1682320918.740961,0.0,3.902
1682320918.841032,0.0,3.902
1682320918.941108,0.0,3.902
1682320919.041806,31.70731707317073,3.902
1682320919.14192,45.0,3.902
1682320919.241911,38.46153846153847,3.902
1682320919.34185,20.0,3.841382271995097
1682320919.441935,2.5,3.7964121309587266
1682320919.542022,0.0,3.737
1682320919.642079,0.0,3.737
1682320919.742164,0.0,3.737
1682320919.842322,0.0,3.737
1682320919.942309,0.0,3.737
1682320920.042944,41.02564102564102,3.737
1682320920.142899,43.90243902439025,3.7379461011326613
1682320920.243341,36.58536585365854,3.7389597793708367
1682320920.343086,12.5,3.74
1682320920.44319,4.878048780487805,3.74
1682320920.543452,0.0,3.74
1682320920.64334,2.5,3.74
1682320920.743415,0.0,3.58863916015625
1682320920.843487,2.5,3.4157149047851565
1682320920.943563,0.0,3.242783645629883
1682320921.043645,0.0,3.119
1682320921.143736,2.5,3.119
1682320921.243902,2.4390243902439024,3.119
1682320921.344032,0.0,3.119
1682320921.444186,17.94871794871795,3.117898829212654
1682320921.544311,53.65853658536586,3.117053537522225
1682320921.644424,33.33333333333333,3.116
1682320921.744501,39.02439024390244,3.116
1682320921.844592,2.564102564102564,3.116
1682320921.944648,0.0,3.116
1682320922.044729,0.0,3.1297322633532376
1682320922.144802,5.0,3.1491527393792684
1682320922.244864,0.0,3.1685710407998364
1682320922.345343,30.76923076923077,3.185
1682320922.445833,35.0,3.185
1682320922.545808,40.0,3.185
1682320922.645682,17.5,3.185
1682320922.745826,0.0,3.185
1682320922.845829,0.0,3.1853476174655175
1682320922.94592,0.0,3.185913454831686
1682320923.045987,0.0,3.186479156066505
1682320923.146049,0.0,3.187
1682320923.246303,45.23809523809524,3.187
1682320923.346487,45.0,3.187
1682320923.446576,33.33333333333333,3.187
1682320923.546557,14.634146341463413,3.4401680116700706
1682320923.646653,0.0,3.6537827509901275
1682320923.746718,2.564102564102564,3.969
1682320923.847072,26.82926829268293,3.969
1682320923.947198,41.02564102564102,3.969
1682320924.047655,36.58536585365854,3.969
1682320924.147413,25.0,3.969
1682320924.247497,0.0,3.969
1682320924.347591,2.631578947368421,3.9685109579523057
1682320924.447644,0.0,3.9678579189266365
1682320924.554463,4.761904761904762,3.967
1682320924.65465,47.5,3.967
1682320924.754607,38.46153846153847,3.967
1682320924.854559,34.146341463414636,3.967
1682320924.954674,0.0,3.911664211040986
1682320925.054717,2.564102564102564,3.8396516760624295
1682320925.155257,2.5,3.767281490491073
1682320925.255639,51.21951219512195,3.669
1682320925.355805,36.84210526315789,3.669
1682320925.455498,38.095238095238095,3.669
1682320925.555636,0.0,3.669
1682320925.655595,0.0,3.669
1682320925.755704,0.0,3.669
1682320925.855792,2.4390243902439024,3.668628428362685
1682320925.955813,0.0,3.668361441197884
1682320926.055878,0.0,3.668
1682320926.15595,0.0,3.668
1682320926.256448,35.0,3.668
1682320926.356431,45.0,3.668
1682320926.456589,39.02439024390244,3.668
1682320926.556632,15.384615384615385,3.7461847259020358
1682320926.656789,0.0,3.8884095317749705
1682320926.756863,0.0,4.030516519203614
1682320926.856998,5.128205128205128,4.172709839112988
1682320926.95708,0.0,4.259
1682320927.057201,4.878048780487805,4.259
1682320927.157534,30.0,4.259
1682320927.25794,45.0,4.259
1682320927.357875,39.02439024390244,4.259
1682320927.457877,31.57894736842105,4.258626200822501
1682320927.557951,0.0,4.258366154679196
1682320927.658029,0.0,4.258
1682320927.758135,2.5,4.258
1682320927.858205,0.0,4.258
1682320927.958282,0.0,4.258
1682320928.058354,0.0,4.258
1682320928.158416,0.0,4.258
1682320928.25851,0.0,3.7796476444098346
1682320928.358572,0.0,3.430192819611601
1682320928.459648,10.0,2.992
1682320928.559285,47.368421052631575,2.992
1682320928.659482,36.58536585365854,2.992
1682320928.759354,30.0,2.992
1682320928.859417,0.0,2.9922282369286246
1682320928.95952,0.0,2.992498797545601
1682320929.059606,2.5,2.992769311765623
1682320929.159707,0.0,2.993
1682320929.260206,7.5,2.993
1682320929.360492,50.0,2.993
1682320929.460594,36.58536585365854,2.993
1682320929.560543,35.8974358974359,3.370431569057313
1682320929.660558,2.5,3.6906677693391794
1682320929.760632,2.5,4.163
1682320929.8607,0.0,4.163
1682320929.960762,0.0,4.163
1682320930.060867,0.0,4.163
1682320930.160923,2.4390243902439024,4.163
1682320930.261004,2.4390243902439024,4.163
1682320930.361074,0.0,4.162740102565085
1682320930.461147,0.0,4.16245302360447
1682320930.561219,0.0,4.162165948063602
1682320930.661311,0.0,4.162
1682320930.761403,0.0,4.162
1682320930.861444,0.0,4.162
1682320930.961509,0.0,4.162
1682320931.061581,0.0,4.162
1682320931.161652,0.0,3.8206429877526453
1682320931.261732,0.0,3.469814167351201
1682320931.361855,0.0,3.118834907924985
1682320931.461875,0.0,2.879
1682320931.561965,2.5,2.879
1682320931.662036,0.0,2.879
1682320931.764433,2.4390243902439024,2.879
1682320931.864587,50.0,2.879421375466113
1682320931.964807,33.33333333333333,2.8797445623342175
1682320932.064744,33.33333333333333,2.88
1682320932.164734,7.6923076923076925,2.88
1682320932.264904,0.0,2.88
1682320932.365169,0.0,2.88
1682320932.465177,2.5,2.8556841660998216
1682320932.56532,0.0,2.8252246518798705
1682320932.665403,0.0,2.78
1682320932.765507,2.5,2.78
1682320932.86562,2.564102564102564,2.78
1682320932.965762,0.0,2.78
1682320933.065864,2.564102564102564,2.78
1682320933.165977,2.5,2.7787584174523308
1682320933.266069,4.878048780487805,2.777927542322285
1682320933.366229,2.5,2.777
1682320933.466209,0.0,2.777
1682320933.566368,4.878048780487805,2.777
1682320933.666458,2.5,2.777
1682320933.766733,45.0,2.799132741713067
1682320933.866786,35.8974358974359,2.8230053589884885
1682320933.967129,35.0,2.8469471503258297
1682320934.06703,26.82926829268293,2.86
1682320934.167227,0.0,2.86
1682320934.267186,0.0,2.86
1682320934.367295,0.0,2.86
1682320934.467386,0.0,2.8618881318648044
1682320934.567468,2.5,2.8632696463327703
1682320934.667535,0.0,2.865
1682320934.76764,0.0,2.865
1682320934.867695,0.0,2.865
1682320934.968066,52.5,2.865
1682320935.068217,37.5,2.865
1682320935.168526,35.0,2.865
1682320935.268303,10.256410256410255,3.3153881102907587
1682320935.368376,0.0,3.618483045227464
1682320935.468481,2.5,3.943
1682320935.568594,2.5,3.943
1682320935.669227,7.5,3.943
1682320935.769173,46.15384615384615,3.943
1682320935.869429,35.0,3.94189623070983
1682320935.969382,38.095238095238095,3.9408374097803156
1682320936.069391,7.5,3.9397779953314016
1682320936.169469,2.564102564102564,3.939
1682320936.269521,0.0,3.939
1682320936.369591,0.0,3.939
1682320936.469692,2.5,3.939
1682320936.569764,0.0,3.939
1682320936.669833,4.878048780487805,3.939
1682320936.770285,27.500000000000004,3.497064917132619
1682320936.870574,35.8974358974359,3.1868893553991713
1682320936.970544,35.8974358974359,3.021
1682320937.070538,20.0,3.021
1682320937.170494,0.0,3.021
1682320937.27061,0.0,3.021
1682320937.370686,2.4390243902439024,3.021
1682320937.470811,0.0,3.021
1682320937.570948,0.0,3.021
1682320937.671506,5.0,3.021
1682320937.771406,56.41025641025641,3.021
1682320937.871469,36.58536585365854,3.021
1682320937.97151,35.8974358974359,3.275171309381621
1682320938.071559,2.564102564102564,3.554310677202343
1682320938.171644,0.0,3.8335504893237
1682320938.271714,0.0,4.053
1682320938.371994,40.0,4.053
1682320938.472063,36.58536585365854,4.053
1682320938.572392,35.8974358974359,4.053
1682320938.672328,22.5,4.053736343859878
1682320938.772459,0.0,4.054273615324735
1682320938.872576,0.0,4.055
1682320938.97271,2.5,4.055
1682320939.072819,2.5,4.055
1682320939.17294,0.0,4.055
1682320939.273066,2.4390243902439024,3.796258863896302
1682320939.373192,2.5,3.406947593153681
1682320939.473295,7.317073170731707,3.017726243553986
1682320939.573405,0.0,2.669
1682320939.673506,2.631578947368421,2.669
1682320939.773635,2.4390243902439024,2.669
1682320939.873763,0.0,2.669
1682320939.973871,0.0,2.669
1682320940.073993,0.0,2.668067429470229
1682320940.174221,0.0,2.666950492162399
1682320940.274339,0.0,2.6658347823545547
1682320940.374684,0.0,2.665
1682320940.474575,0.0,2.665
1682320940.574705,0.0,2.665
1682320940.67478,2.5,2.665
1682320940.774926,0.0,2.641769187641417
1682320940.875006,0.0,2.6186547826435196
1682320940.975242,30.0,2.588
1682320941.075396,42.5,2.588
1682320941.175536,37.5,2.588
1682320941.275557,35.0,2.588
1682320941.375624,0.0,2.588614952655924
1682320941.475705,0.0,2.5894454425309266
1682320941.575805,4.761904761904762,2.590276090681151
1682320941.675833,0.0,2.591
1682320941.775902,0.0,2.591
1682320941.875976,0.0,2.591
1682320941.976057,2.5,2.591
1682320942.076135,2.4390243902439024,2.7293720841543254
1682320942.176244,0.0,2.8371721347536027
1682320942.276338,0.0,2.944956011032138
1682320942.376416,2.5,3.003
1682320942.476479,0.0,3.003
1682320942.576552,0.0,3.003
1682320942.676944,47.5,3.003
1682320942.777439,35.0,3.003
1682320942.877197,35.0,3.002733010618964
1682320942.977215,7.6923076923076925,3.0023968561391587
1682320943.077287,0.0,3.002
1682320943.177381,0.0,3.002
1682320943.277442,0.0,3.002
1682320943.381123,6.976744186046512,3.002
1682320943.478198,55.26315789473685,3.002
1682320943.578676,33.33333333333333,3.2715790839862255
1682320943.678282,40.0,3.5008927782574606
1682320943.778318,0.0,3.707
1682320943.878409,0.0,3.707
1682320943.978494,0.0,3.707
1682320944.078562,0.0,3.707
1682320944.178632,0.0,3.707282778912124
1682320944.278722,0.0,3.7075599122801806
1682320944.378789,0.0,3.7078369816143537
1682320944.479156,46.15384615384615,3.708
1682320944.579266,35.8974358974359,3.708
1682320944.679597,35.0,3.708
1682320944.779425,12.5,3.708
1682320944.879501,0.0,3.6889345867622083
1682320944.979569,0.0,3.676053832275859
1682320945.079684,0.0,3.661
1682320945.179858,0.0,3.661
1682320945.279865,0.0,3.661
1682320945.380117,29.268292682926827,3.661
1682320945.480202,38.46153846153847,3.661
1682320945.580653,35.0,3.661
1682320945.680473,27.500000000000004,3.661
1682320945.780471,2.5,3.661
1682320945.880535,0.0,3.661
1682320945.980647,2.5,3.661
1682320946.080773,0.0,3.661
1682320946.180922,2.5,3.661
1682320946.281042,0.0,3.480440132320186
1682320946.381157,5.0,3.2989253834264365
1682320946.481275,0.0,3.1174045827730694
1682320946.581385,2.564102564102564,2.947
1682320946.681486,0.0,2.947
1682320946.781924,10.0,2.947
1682320946.881812,55.00000000000001,2.947
1682320946.982115,37.5,2.947
1682320947.082303,35.0,2.9465535974186725
1682320947.182248,14.634146341463413,2.9459110246751306
1682320947.282318,0.0,2.945
1682320947.382394,0.0,2.945
1682320947.482462,0.0,2.945
1682320947.582537,0.0,2.945
1682320947.682615,0.0,2.945
1682320947.782698,0.0,2.936717314224905
1682320947.882764,0.0,2.9289157965175447
1682320947.982847,2.5,2.921
1682320948.082926,0.0,2.921
1682320948.182983,0.0,2.921
1682320948.283052,0.0,2.921
1682320948.383178,0.0,2.921
1682320948.483265,0.0,2.9214977664746034
1682320948.583277,0.0,2.922
1682320948.683356,0.0,2.922
1682320948.78343,0.0,2.922
1682320948.883491,0.0,2.922
1682320948.98356,0.0,2.922
1682320949.083628,0.0,2.904085679166556
1682320949.183712,0.0,2.891255784410131
1682320949.283809,2.4390243902439024,2.876
1682320949.383865,0.0,2.876
1682320949.483936,0.0,2.876
1682320949.584023,0.0,2.876
1682320949.684103,4.878048780487805,2.8764701419955894
1682320949.784503,37.5,2.877039378785349
1682320949.884528,41.02564102564102,2.8776064892572286
1682320949.984761,35.8974358974359,2.878
1682320950.084613,15.0,2.878
1682320950.184685,0.0,2.878
1682320950.284756,0.0,2.878
1682320950.384825,0.0,2.896417653213576
1682320950.484895,0.0,2.91615520626374
1682320950.585001,2.5,2.942
1682320950.685044,2.564102564102564,2.942
1682320950.785231,2.5,2.942
1682320950.885346,0.0,2.942
1682320950.985702,55.00000000000001,2.9415198054398215
1682320951.085706,34.146341463414636,2.9409878127199742
1682320951.186082,35.13513513513514,2.9404538414220394
1682320951.286038,7.6923076923076925,2.94
1682320951.386133,0.0,2.94
1682320951.486196,2.4390243902439024,2.94
1682320951.586285,0.0,2.94
1682320951.686541,0.0,2.9750955648964945
1682320951.786535,0.0,3.0082285343086568
1682320951.886717,2.5,3.041
1682320951.9869,0.0,3.041
1682320952.086945,2.564102564102564,3.041
1682320952.187288,12.82051282051282,3.041
1682320952.287426,55.00000000000001,3.0407071295851216
1682320952.387428,35.0,3.040147852604083
1682320952.48785,35.0,3.0395862275181624
1682320952.587683,10.0,3.039
1682320952.687756,0.0,3.039
1682320952.787824,2.564102564102564,3.039
1682320952.887929,0.0,3.039
1682320952.988019,2.5,3.039
1682320953.088082,2.5,3.066452570914827
1682320953.188225,47.5,3.1060244978492713
1682320953.28843,33.33333333333333,3.1456209199412113
1682320953.388525,36.58536585365854,3.179
1682320953.488566,2.631578947368421,3.179
1682320953.588646,0.0,3.179
1682320953.688712,5.0,3.179
1682320953.788776,0.0,3.1801635742121475
1682320953.889018,50.0,3.1813006184909036
1682320953.989184,39.02439024390244,3.183
1682320954.089427,35.8974358974359,3.183
1682320954.189425,10.0,3.183
1682320954.28949,2.5,3.183
1682320954.389571,0.0,3.183
1682320954.489637,0.0,3.183
1682320954.589722,0.0,3.115681051390463
1682320954.689789,0.0,3.0222197362673753
1682320954.78987,0.0,2.928745505725436
1682320954.889937,0.0,2.871
1682320954.990008,0.0,2.871
1682320955.090078,0.0,2.871
1682320955.190155,0.0,2.8693521599729617
1682320955.290234,2.4390243902439024,2.8669557055394055
1682320955.390307,0.0,2.8645593995419034
1682320955.490387,0.0,2.861
1682320955.590452,0.0,2.861
1682320955.69053,2.5,2.861
1682320955.790596,0.0,2.861
1682320955.890669,0.0,2.861
1682320955.990739,0.0,2.861
1682320956.090823,2.5,2.8505054380079855
1682320956.191259,12.82051282051282,2.843336856569748
1682320956.291347,51.28205128205128,2.837
1682320956.391596,35.0,2.837
1682320956.491643,32.5,2.837
1682320956.591703,0.0,2.837
1682320956.691798,0.0,2.83856081031556
1682320956.791846,0.0,2.8407383540327347
1682320956.891924,0.0,2.8429165463967347
1682320956.991992,0.0,2.845
1682320957.09215,0.0,2.845
1682320957.192162,2.5,2.845
1682320957.292317,2.4390243902439024,2.845
1682320957.39246,2.5,2.845
1682320957.492595,0.0,2.834613551179257
1682320957.592723,0.0,2.8211168689017554
1682320957.692832,0.0,2.8076227254854023
1682320957.792912,2.5,2.794
1682320957.893044,0.0,2.794
1682320957.993213,0.0,2.794
1682320958.093268,18.421052631578945,2.794
1682320958.193396,2.564102564102564,2.794
1682320958.293489,0.0,2.794
1682320958.393676,41.46341463414634,2.7935868466446876
1682320958.493788,36.84210526315789,2.7933023534545023
1682320958.594126,36.58536585365854,2.793
1682320958.69401,25.0,2.793
1682320958.794096,0.0,2.793
1682320958.894197,2.564102564102564,2.793
1682320958.994256,0.0,2.793
1682320959.094327,0.0,2.893579520023665
1682320959.194606,36.58536585365854,3.0367736665269773
1682320959.294838,40.0,3.17990040367794
1682320959.394953,33.33333333333333,3.304
1682320959.494982,15.0,3.304
1682320959.595068,0.0,3.304
1682320959.69514,0.0,3.304
1682320959.79521,2.4390243902439024,3.305365031240726
1682320959.895291,0.0,3.307048465234165
1682320959.995708,15.0,3.309
1682320960.095817,53.65853658536586,3.309
1682320960.196037,38.095238095238095,3.309
1682320960.295942,30.0,3.309
1682320960.396012,2.5,3.3398421434945935
1682320960.496091,0.0,3.397557865325945
1682320960.596164,2.4390243902439024,3.4552702872382377
1682320960.696247,2.5,3.521
1682320960.796313,0.0,3.521
1682320960.896385,0.0,3.521
1682320960.99661,30.0,3.521
1682320961.096875,42.5,3.521
1682320961.196884,33.33333333333333,3.521
1682320961.296917,26.82926829268293,3.5194725651006986
1682320961.397018,0.0,3.5181909526378727
1682320961.497096,0.0,3.517
1682320961.597172,0.0,3.517
1682320961.697243,2.4390243902439024,3.517
1682320961.797318,0.0,3.517
1682320961.897414,4.878048780487805,3.3895800246864836
1682320961.998082,5.0,3.2700221799481146
1682320962.098203,46.34146341463415,3.1511138968152843
1682320962.198218,38.46153846153847,3.091
1682320962.298148,34.146341463414636,3.091
1682320962.398227,0.0,3.091
1682320962.498289,0.0,3.091
1682320962.598363,0.0,3.091
1682320962.698435,2.5,3.091
1682320962.798544,2.4390243902439024,3.091
1682320962.898659,0.0,3.091
1682320962.998657,0.0,3.091
1682320963.098735,0.0,3.091
1682320963.198808,0.0,3.0724959222773323
1682320963.298873,0.0,3.052482375158324
1682320963.399042,2.5,3.0324480373693805
1682320963.499214,0.0,3.018
1682320963.599311,2.5,3.018
1682320963.699879,4.878048780487805,3.018
1682320963.799572,2.5,3.018
1682320963.900159,27.906976744186046,3.018
1682320963.999844,60.97560975609756,3.017765096318901
1682320964.100096,33.33333333333333,3.017478668837361
1682320964.200106,37.5,3.017192932753876
1682320964.300156,5.0,3.017
1682320964.400294,0.0,3.017
1682320964.500329,0.0,3.017
1682320964.600418,2.4390243902439024,3.017
1682320964.700478,0.0,2.998735918578265
1682320964.800548,0.0,2.9829176984140213
1682320964.900631,0.0,2.965
1682320965.0007,0.0,2.965
1682320965.100777,0.0,2.965
1682320965.200851,2.5,2.965
1682320965.30092,0.0,2.965218437146208
1682320965.400988,0.0,2.9654850897511973
1682320965.501069,0.0,2.965751776663291
1682320965.601328,2.564102564102564,2.966
1682320965.701305,2.4390243902439024,2.966
1682320965.801295,0.0,2.966
1682320965.901772,52.5,2.966
1682320966.002118,33.33333333333333,2.966
1682320966.102032,40.0,3.101739298977636
1682320966.201992,4.878048780487805,3.345344097012293
1682320966.302059,0.0,3.5892091969326865
1682320966.402125,4.878048780487805,3.755
1682320966.50219,0.0,3.755
1682320966.602256,0.0,3.755
1682320966.702339,0.0,3.755
1682320966.802408,0.0,3.754420904008339
1682320966.902472,0.0,3.75378457462333
1682320967.002552,0.0,3.753
1682320967.102621,2.5,3.753
1682320967.202694,0.0,3.753
1682320967.30277,0.0,3.753
1682320967.402843,0.0,3.564490447608595
1682320967.502903,0.0,3.339902381400308
1682320967.603018,2.4390243902439024,3.115190698159854
1682320967.703316,50.0,2.948
1682320967.803536,35.0,2.948
1682320967.903564,37.5,2.948
1682320968.003541,7.317073170731707,2.948
1682320968.1036,0.0,2.948360958156161
1682320968.203675,2.4390243902439024,2.9486389226438297
1682320968.303816,2.4390243902439024,2.949
1682320968.403795,2.5,2.949
1682320968.503881,0.0,2.949
1682320968.603954,0.0,2.949
1682320968.704035,0.0,2.956056754458043
1682320968.804106,0.0,2.9675818147120743
1682320968.90417,0.0,2.979106078672441
1682320969.004304,0.0,2.989
1682320969.104438,0.0,2.989
1682320969.204556,2.5,2.989
1682320969.304666,0.0,2.989
1682320969.404789,2.5,2.989
1682320969.504864,0.0,2.9886185479686653
1682320969.604972,2.5,2.988133339958653
1682320969.705082,0.0,2.9876481215484296
1682320969.805209,2.5,2.987
1682320969.905299,0.0,2.987
1682320970.005399,0.0,2.987
1682320970.105505,0.0,2.987
1682320970.205753,0.0,2.987
1682320970.305927,4.878048780487805,2.987
1682320970.405981,62.5,2.927078071989566
1682320970.506369,35.0,2.884308314270739
1682320970.606379,37.5,2.837
1682320970.706397,17.5,2.837
1682320970.806544,0.0,2.837
1682320970.906587,2.5,2.837
1682320971.006663,0.0,2.837
1682320971.106734,0.0,2.837158470601098
1682320971.206822,0.0,2.837438338840044
1682320971.306887,2.5,2.837718143078478
1682320971.406962,0.0,2.838
1682320971.507178,2.5,2.838
1682320971.607126,0.0,2.838
1682320971.707458,31.57894736842105,2.838
1682320971.80782,41.46341463414634,3.11737619163402
1682320971.907947,36.58536585365854,3.3769219577377645
1682320972.007735,23.076923076923077,3.72
1682320972.107834,2.5,3.72
1682320972.207885,2.4390243902439024,3.72
1682320972.307969,2.5,3.72
1682320972.408098,0.0,3.72
1682320972.508116,0.0,3.7207797484948695
1682320972.608186,0.0,3.7213299843014127
1682320972.708508,24.390243902439025,3.722
1682320972.808576,42.5,3.722
1682320972.908686,35.8974358974359,3.722
1682320973.008673,28.205128205128204,3.722
1682320973.10875,2.5,3.722
1682320973.208823,2.564102564102564,3.722
1682320973.308901,0.0,3.729133838855098
1682320973.408967,0.0,3.733975758571057
1682320973.509496,27.500000000000004,3.739
1682320973.609725,37.5,3.739
1682320973.710025,38.46153846153847,3.739
1682320973.809777,24.390243902439025,3.739
1682320973.909845,0.0,3.738739409985375
1682320974.009989,4.878048780487805,3.7384599235599962
1682320974.110027,2.5,3.73818073256778
1682320974.210105,0.0,3.738
1682320974.310238,0.0,3.738
1682320974.410435,45.0,3.738
1682320974.510699,33.33333333333333,3.738
1682320974.610981,35.8974358974359,3.8926642944022167
1682320974.710865,10.0,4.007550248576051
1682320974.810933,0.0,4.156
1682320974.911022,0.0,4.156
1682320975.011117,0.0,4.156
1682320975.111176,0.0,4.156
1682320975.211596,20.51282051282051,4.156
1682320975.311639,47.5,4.156
1682320975.412063,36.58536585365854,4.156
1682320975.511848,40.0,4.156
1682320975.611901,0.0,4.156
1682320975.711936,0.0,4.156
1682320975.812018,4.878048780487805,4.156
1682320975.912088,0.0,3.8564513182923448
1682320976.012165,2.5,3.641464505524947
1682320976.112527,24.390243902439025,3.324
1682320976.212776,45.0,3.324
1682320976.312994,35.0,3.324
1682320976.412807,26.31578947368421,3.324
1682320976.51292,2.5,3.324
1682320976.612964,2.5,3.324
1682320976.713054,0.0,3.324314805010867
1682320976.813164,0.0,3.324553833349842
1682320976.913636,35.8974358974359,3.324793725827735
1682320977.013943,35.0,3.325
1682320977.113834,37.5,3.325
1682320977.213915,15.384615384615385,3.325
1682320977.31386,0.0,3.325
1682320977.413939,2.5,3.325
1682320977.514049,0.0,3.336609965525598
1682320977.614134,4.878048780487805,3.355862085193205
1682320977.714204,2.4390243902439024,3.375111315577583
1682320977.81459,18.421052631578945,3.394421312633057
1682320977.914675,39.02439024390244,3.413
1682320978.015108,35.0,3.4124152466379742
1682320978.114917,25.64102564102564,3.411853702000884
1682320978.214978,0.0,3.4112907395148597
1682320978.315092,2.5,3.411
1682320978.41517,0.0,3.411
1682320978.515225,0.0,3.411
1682320978.615453,53.84615384615385,3.411
1682320978.715872,38.095238095238095,3.564640719569941
1682320978.815814,41.46341463414634,3.6694060820920273
1682320978.915787,2.5,3.784
1682320979.015823,2.5,3.784
1682320979.115885,2.5,3.784
1682320979.215956,0.0,3.784
1682320979.31637,32.5,3.7837100986980556
1682320979.416526,36.58536585365854,3.7833789888690785
1682320979.516679,38.46153846153847,3.783
1682320979.616705,17.94871794871795,3.783
1682320979.716822,2.5,3.783
1682320979.816901,0.0,3.783
1682320979.917569,7.317073170731707,3.783
1682320980.017634,52.5,3.5007909069010616
1682320980.117932,38.46153846153847,3.278398003740965
1682320980.217723,33.33333333333333,3.129
1682320980.317789,0.0,3.129
1682320980.417888,0.0,3.129
1682320980.518042,2.4390243902439024,3.129
1682320980.61816,0.0,3.129
1682320980.718325,2.5,3.129
1682320980.818484,2.5,3.129
1682320980.918603,0.0,3.129
1682320981.018702,5.0,3.129
1682320981.11882,5.0,3.129
1682320981.218961,2.4390243902439024,3.0685228026741544
1682320981.319085,0.0,2.98443074549567
1682320981.419211,0.0,2.900336886129985
1682320981.519293,2.5,2.821
1682320981.619408,5.0,2.821
1682320981.719523,0.0,2.821
1682320981.819676,0.0,2.821
1682320981.920001,28.57142857142857,2.820687454821905
1682320982.02014,52.5,2.820396644288796
1682320982.120297,33.33333333333333,2.82
1682320982.22049,40.0,2.82
1682320982.320504,2.5,2.82
1682320982.420607,0.0,2.82
1682320982.520684,0.0,2.82
1682320982.620751,0.0,2.868728024295596
1682320982.720838,0.0,2.901331268529008
1682320982.82091,0.0,2.936
1682320982.921065,2.4390243902439024,2.936
1682320983.021058,0.0,2.936
1682320983.121137,0.0,2.936
1682320983.221216,0.0,2.936
1682320983.321291,2.5,2.936
1682320983.421369,0.0,2.937265705896413
1682320983.521449,0.0,2.93818619894172
1682320983.621561,0.0,2.939
1682320983.721594,0.0,2.939
1682320983.822037,36.58536585365854,2.939
1682320983.922125,39.02439024390244,2.939
1682320984.022266,37.5,3.3104516936876314
1682320984.122231,19.047619047619047,3.6646820491743277
1682320984.222303,0.0,4.019290895610495
1682320984.322378,0.0,4.197
1682320984.422467,0.0,4.197
1682320984.522535,0.0,4.197
1682320984.62261,0.0,4.196712043116286
1682320984.722687,2.5,4.196162013010626
1682320984.822763,0.0,4.195611988146428
1682320984.92284,0.0,4.195
1682320985.022915,2.4390243902439024,4.195
1682320985.123294,25.64102564102564,4.195
1682320985.223687,46.34146341463415,4.195
1682320985.323732,33.33333333333333,4.183233561920386
1682320985.42359,30.0,4.171782015063219
1682320985.523835,4.878048780487805,4.160286093068948
1682320985.62375,2.5,4.152
1682320985.723872,4.878048780487805,4.152
1682320985.823925,0.0,4.152
1682320985.923942,0.0,4.152
1682320986.024368,7.5,4.152383370668615
1682320986.12457,50.0,4.152682155062159
1682320986.224523,33.33333333333333,4.153
1682320986.324653,36.58536585365854,4.153
1682320986.424684,7.5,4.153
1682320986.524771,2.564102564102564,4.153
1682320986.624838,0.0,3.8515477634107627
1682320986.724916,2.5,3.5869335041598154
1682320986.824987,0.0,3.226
1682320986.925362,39.02439024390244,3.226
1682320987.025652,38.46153846153847,3.226
1682320987.125894,37.5,3.226
1682320987.22572,31.70731707317073,3.226
1682320987.325795,2.564102564102564,3.226
1682320987.425826,0.0,3.226
1682320987.525891,0.0,3.226
1682320987.625976,2.4390243902439024,3.226
1682320987.726053,2.5,3.226
1682320987.826116,2.4390243902439024,3.226
1682320987.9262,2.4390243902439024,3.226
1682320988.026276,0.0,3.226
1682320988.126347,0.0,3.1193829461179305
1682320988.226417,0.0,3.0236206171566686
1682320988.32649,0.0,2.933
1682320988.426567,0.0,2.933
1682320988.526637,0.0,2.933
1682320988.626713,0.0,2.933
1682320988.726789,0.0,2.932578949899325
1682320988.826863,0.0,2.93206140732676
1682320988.926941,0.0,2.931543845026121
1682320989.027023,2.564102564102564,2.931
1682320989.127093,0.0,2.931
1682320989.227307,44.73684210526316,2.931
1682320989.327519,35.0,2.931
1682320989.427723,35.0,2.931
1682320989.527644,7.5,3.1622251495376434
1682320989.627716,0.0,3.510350512954459
1682320989.727799,4.878048780487805,3.8585131992440385
1682320989.827872,0.0,4.144
1682320989.927948,0.0,4.144
1682320990.028018,2.4390243902439024,4.144
1682320990.128088,0.0,4.144
1682320990.228162,0.0,4.14435670564523
1682320990.328232,0.0,4.144612440928953
1682320990.428316,0.0,4.144868212161019
1682320990.528384,0.0,4.145
1682320990.628457,0.0,4.145
1682320990.728533,2.4390243902439024,4.145
1682320990.828607,0.0,4.145
1682320990.928681,2.5,4.145
1682320991.028759,0.0,3.717279161942667
1682320991.128832,0.0,3.387545785135324
1682320991.228906,0.0,2.956
1682320991.328981,2.4390243902439024,2.956
1682320991.429054,0.0,2.956
1682320991.529129,0.0,2.956
1682320991.629204,2.4390243902439024,2.9562047738585466
1682320991.729538,22.5,2.9565062606923944
1682320991.829778,46.15384615384615,2.95680746526136
1682320991.929854,36.58536585365854,2.957
1682320992.029833,25.64102564102564,2.957
1682320992.130048,0.0,2.957
1682320992.230188,5.0,2.957
1682320992.330801,4.878048780487805,2.9628084757265367
1682320992.430402,2.631578947368421,2.968018106482156
1682320992.530477,0.0,2.97325252855412
1682320992.630588,0.0,2.976
1682320992.730691,0.0,2.976
1682320992.830872,2.5,2.976
1682320992.930919,0.0,2.975694293578408
1682320993.031322,5.128205128205128,2.975135011803298
1682320993.131794,62.5,2.974575346213482
1682320993.231577,37.5,2.974
1682320993.331701,39.02439024390244,2.974
1682320993.43172,15.0,2.974
1682320993.531814,4.878048780487805,2.974
1682320993.631928,0.0,2.974
1682320993.732001,0.0,3.024069139860887
1682320993.83207,0.0,3.0985284357753256
1682320993.932149,2.5,3.1729950051843137
1682320994.032213,0.0,3.238
1682320994.132455,51.28205128205128,3.238
1682320994.232914,35.0,3.238
1682320994.332675,41.46341463414634,3.238
1682320994.432808,0.0,3.238264551143387
1682320994.532776,0.0,3.2385884826946847
1682320994.632853,0.0,3.239
1682320994.73296,0.0,3.239
1682320994.833059,0.0,3.239
1682320994.933111,2.4390243902439024,3.239
1682320995.033189,0.0,3.239
1682320995.133264,2.4390243902439024,3.1625222308760508
1682320995.233338,0.0,3.0990871961263253
1682320995.333414,0.0,3.011
1682320995.433488,0.0,3.011
1682320995.533566,0.0,3.011
1682320995.633638,0.0,3.011
1682320995.733968,26.82926829268293,3.011
1682320995.834077,37.5,3.011
1682320995.934431,35.8974358974359,3.011
1682320996.034194,25.64102564102564,3.011
1682320996.134262,0.0,3.011
1682320996.234346,0.0,3.011
1682320996.33442,0.0,3.011
1682320996.434555,2.5,3.011
1682320996.534577,0.0,3.011
1682320996.634655,0.0,3.011
1682320996.734737,0.0,3.017230908101255
1682320996.834817,0.0,3.022074057333046
1682320996.934889,0.0,3.028
1682320997.034964,2.4390243902439024,3.028
1682320997.135422,12.82051282051282,3.028
1682320997.235641,53.65853658536586,3.028
1682320997.335822,35.8974358974359,3.0281893751899327
1682320997.435538,30.0,3.0284668850531546
1682320997.535605,0.0,3.028745371617542
1682320997.635689,0.0,3.029
1682320997.735784,2.5,3.029
1682320997.835859,0.0,3.029
1682320997.935893,2.5,3.029
1682320998.035962,0.0,3.029
1682320998.136083,2.5,3.037592099077196
1682320998.236206,4.878048780487805,3.0488738700014775
1682320998.336447,12.195121951219512,3.060168912111972
1682320998.436726,63.41463414634146,3.069
1682320998.536774,37.5,3.069
1682320998.636925,34.21052631578947,3.069
1682320998.736925,12.82051282051282,3.069
1682320998.837033,0.0,3.069357058084797
1682320998.937112,0.0,3.069635681647413
1682320999.037186,2.5,3.07
1682320999.13726,0.0,3.07
1682320999.237329,0.0,3.07
1682320999.3374,0.0,3.07
1682320999.437478,2.4390243902439024,3.035063062580407
1682320999.537587,0.0,2.983384550337485
1682320999.637686,0.0,2.9317110842593683
1682320999.737738,0.0,2.9
1682320999.837814,0.0,2.9
1682320999.937893,0.0,2.9
1682321000.03797,0.0,2.9
1682321000.138126,0.0,2.9005937442127117
1682321000.23813,2.5,2.901154602920972
1682321000.338195,0.0,2.9017158025987224
1682321000.438643,47.5,2.902
1682321000.538942,36.58536585365854,2.902
1682321000.638875,34.21052631578947,2.902
1682321000.738858,5.0,3.0245929022186724
1682321000.838934,2.564102564102564,3.262485214204699
1682321000.939015,0.0,3.500389427919025
1682321001.039115,0.0,3.696
1682321001.139172,2.5,3.696
1682321001.239387,47.5,3.696
1682321001.339676,33.33333333333333,3.696
1682321001.439963,36.58536585365854,3.6953840232580935
1682321001.539957,12.195121951219512,3.694736653955597
1682321001.639981,0.0,3.694
1682321001.740058,0.0,3.694
1682321001.840479,0.0,3.694
1682321001.940709,56.09756097560976,3.694
1682321002.040662,35.8974358974359,3.796144016827423
1682321002.140686,35.8974358974359,3.9202914247324725
1682321002.240756,0.0,4.044495945102932
1682321002.34084,0.0,4.138
1682321002.440912,0.0,4.138
1682321002.541262,40.0,4.138
1682321002.641458,39.02439024390244,4.138
1682321002.741623,35.8974358974359,4.137221128586038
1682321002.841621,12.82051282051282,4.13663597540644
1682321002.941694,5.0,4.136
1682321003.041761,0.0,4.136
1682321003.141935,40.0,4.136
1682321003.242291,38.46153846153847,4.136
1682321003.342537,35.0,4.1195934758584585
1682321003.442495,12.195121951219512,4.097427519926137
1682321003.542592,0.0,4.075230793731439
1682321003.642715,4.878048780487805,4.054
1682321003.742959,25.64102564102564,4.054
1682321003.843045,53.84615384615385,4.054
1682321003.943447,34.146341463414636,4.054
1682321004.043368,41.46341463414634,4.0543041654604135
1682321004.143495,2.564102564102564,4.0545855997491
1682321004.243573,0.0,4.055
1682321004.343637,0.0,4.055
1682321004.444337,45.23809523809524,4.055
1682321004.544275,35.0,4.055
1682321004.644347,38.46153846153847,4.059984729788632
1682321004.744339,15.0,4.069373551298614
1682321004.844424,2.5,4.078771103534825
1682321004.944502,0.0,4.089
1682321005.04457,0.0,4.089
1682321005.144963,27.500000000000004,4.089
1682321005.245097,35.8974358974359,4.089
1682321005.345218,37.5,4.089
1682321005.445169,20.51282051282051,4.088810263048391
1682321005.545245,0.0,4.088533895660281
1682321005.645324,4.878048780487805,4.088257519712828
1682321005.745407,2.5,4.088
1682321005.84556,0.0,4.088
1682321005.945777,33.33333333333333,4.088
1682321006.046387,36.58536585365854,4.088
1682321006.146104,38.46153846153847,4.1044524312187045
1682321006.246078,17.073170731707318,4.119073502022041
1682321006.346297,0.0,4.141
1682321006.446235,2.564102564102564,4.141
1682321006.546311,0.0,4.141
1682321006.646391,4.878048780487805,4.141
1682321006.746467,0.0,4.141588167469303
1682321006.846532,0.0,4.142367856079094
1682321006.947095,38.46153846153847,4.14315142359806
1682321007.047052,46.34146341463415,4.144
1682321007.147187,37.5,4.144
1682321007.247137,14.634146341463413,4.144
1682321007.347236,0.0,4.144
1682321007.447274,0.0,3.811053115990006
1682321007.547362,2.4390243902439024,3.458339837027985
1682321007.647501,0.0,2.96
1682321007.747542,0.0,2.96
1682321007.847616,0.0,2.96
1682321007.947698,0.0,2.96
1682321008.047819,2.5,2.96
1682321008.147877,2.5,2.9591279569067677
1682321008.247942,0.0,2.958470940089324
1682321008.348028,0.0,2.958
1682321008.448202,2.4390243902439024,2.958
1682321008.548181,0.0,2.958
1682321008.648463,51.21951219512195,2.958
1682321008.748599,35.8974358974359,3.162251723876402
1682321008.848795,33.33333333333333,3.4441833849512373
1682321008.948678,17.073170731707318,3.816
1682321009.048841,2.5,3.816
1682321009.148951,2.564102564102564,3.816
1682321009.249136,2.5,3.816
1682321009.349219,0.0,3.8154725451134603
1682321009.449326,0.0,3.81469420538272
1682321009.549439,0.0,3.8139158193088822
1682321009.649561,0.0,3.813
1682321009.749686,0.0,3.813
1682321009.849748,5.0,3.813
1682321009.949878,2.5,3.813
1682321010.05002,0.0,3.813
1682321010.15011,0.0,3.813
1682321010.250224,0.0,3.5788602649429593
1682321010.350367,2.4390243902439024,3.3471756597050124
1682321010.450491,0.0,3.115535181716117
1682321010.550588,0.0,2.8839570334665066
1682321010.650706,0.0,2.768
1682321010.7509,12.195121951219512,2.7684169923452298
1682321010.851222,46.15384615384615,2.7686955276125116
1682321010.951154,37.5,2.769
1682321011.051284,36.58536585365854,2.769
1682321011.151289,12.82051282051282,2.769
1682321011.251356,2.4390243902439024,2.769
1682321011.351431,0.0,2.811295739546773
1682321011.451509,2.5,2.8569102153435617
1682321011.551586,0.0,2.92
1682321011.651749,0.0,2.92
1682321011.751743,0.0,2.92
1682321011.851835,2.4390243902439024,2.92
1682321011.951895,0.0,2.92
1682321012.051982,0.0,2.9204277282697957
1682321012.15205,0.0,2.9208848625382022
1682321012.252126,2.5,2.9213420327486044
1682321012.352202,0.0,2.922
1682321012.452295,0.0,2.9240065513247195
1682321012.552351,0.0,2.9275828673091255
1682321012.652427,0.0,2.931159899127692
1682321012.752502,2.5,2.935
1682321012.852581,0.0,2.935
1682321012.95266,0.0,2.935
1682321013.052768,0.0,2.935
1682321013.152808,0.0,2.935
1682321013.252881,2.5,2.935
1682321013.352956,0.0,2.935
1682321013.453031,0.0,2.935
1682321013.553279,47.5,2.935
1682321013.653381,33.33333333333333,2.935
1682321013.753613,33.33333333333333,2.935
1682321013.853544,7.5,3.345068136520199
1682321013.953622,0.0,3.6230562095396834
1682321014.053705,4.878048780487805,3.98
1682321014.153788,0.0,3.98
1682321014.253865,0.0,3.98
1682321014.353939,2.5,3.98
1682321014.454016,0.0,3.979619087617094
1682321014.554088,0.0,3.9791147120797277
1682321014.654162,0.0,3.9786103281307548
1682321014.754241,0.0,3.978
1682321014.854313,0.0,3.978
1682321014.954387,0.0,3.978
1682321015.054461,0.0,3.978
1682321015.154543,0.0,3.978
1682321015.254615,0.0,3.978
1682321015.35469,2.4390243902439024,3.485128250349974
1682321015.454763,2.4390243902439024,3.13581477276485
1682321015.554845,0.0,2.921
1682321015.654916,0.0,2.921
1682321015.754995,0.0,2.921
1682321015.85515,0.0,2.921
1682321015.955283,2.5,2.9213862898159055
1682321016.055406,0.0,2.9216663780948657
1682321016.155525,0.0,2.922
1682321016.25565,0.0,2.922
1682321016.355824,0.0,2.922
1682321016.455898,0.0,2.922
1682321016.556021,0.0,2.8128676685476686
1682321016.656142,0.0,2.676505264825265
1682321016.756246,2.5,2.5401659162459165
1682321016.856379,0.0,2.43
1682321016.956488,0.0,2.43
1682321017.056604,0.0,2.43
1682321017.15672,2.5,2.43
1682321017.256836,0.0,2.4293586227800614
1682321017.356953,2.4390243902439024,2.428848475313633
1682321017.457061,0.0,2.428338372797221
1682321017.557193,2.4390243902439024,2.428
1682321017.657414,0.0,2.428
1682321017.757516,2.4390243902439024,2.428
1682321017.857644,0.0,2.428
1682321017.957755,0.0,2.428
1682321018.057953,7.5,2.447548447774566
1682321018.15805,5.263157894736842,2.472165658795762
1682321018.258264,32.5,2.503
1682321018.358326,50.0,2.503
1682321018.458507,40.0,2.503
1682321018.558508,30.0,2.503
1682321018.658589,0.0,2.503425895670285
1682321018.758672,0.0,2.5039834866187416
1682321018.858748,2.5,2.5045410377183055
1682321018.958819,0.0,2.505
1682321019.058897,0.0,2.505
1682321019.158968,0.0,2.505
1682321019.259043,0.0,2.505
1682321019.359117,0.0,2.640911520871239
1682321019.459199,2.4390243902439024,2.75346744707479
1682321019.55928,0.0,2.911
1682321019.659355,0.0,2.911
1682321019.759624,30.76923076923077,2.911
1682321019.859883,41.46341463414634,2.911
1682321019.959863,39.02439024390244,2.9111683723360824
1682321020.059972,17.94871794871795,2.91144265207806
1682321020.160001,2.5,2.9117167123377152
1682321020.260153,0.0,2.912
1682321020.360148,0.0,2.912
1682321020.460237,0.0,2.912
1682321020.560293,0.0,2.912
1682321020.66037,0.0,2.912
1682321020.760451,0.0,2.9212773807725307
1682321020.86052,2.4390243902439024,2.9392232420522144
1682321020.960595,0.0,2.957170215009934
1682321021.060672,0.0,2.972
1682321021.160748,0.0,2.972
1682321021.260817,0.0,2.972
1682321021.360892,0.0,2.972
1682321021.460962,0.0,2.9715476352003884
1682321021.561209,47.5,2.9708764564001795
1682321021.661498,35.0,2.97
1682321021.76136,41.46341463414634,2.97
1682321021.861423,0.0,2.97
1682321021.961496,2.5,2.97
1682321022.061629,2.4390243902439024,2.97
1682321022.16165,0.0,2.9779669695347004
1682321022.261722,0.0,2.9840089708820603
1682321022.361804,2.5,2.99
1682321022.461883,0.0,2.99
1682321022.561976,0.0,2.99
1682321022.66204,2.5,2.99
1682321022.762116,0.0,2.9905491357513845
1682321022.862187,0.0,2.991113024050643
1682321022.962232,0.0,2.991676767256088
1682321023.062402,0.0,2.992
1682321023.162428,2.5,2.992
1682321023.2625,0.0,2.992
1682321023.362623,0.0,2.992
1682321023.463029,52.5,2.9756859710826675
1682321023.562971,35.8974358974359,2.964514598407968
1682321023.663186,40.476190476190474,2.953
1682321023.763087,13.157894736842104,2.953
1682321023.863147,0.0,2.953
1682321023.963229,0.0,2.953
1682321024.063306,2.4390243902439024,2.953
1682321024.163373,0.0,2.953
1682321024.263449,0.0,2.9523132423558174
1682321024.36353,0.0,2.9516520263591692
1682321024.4636,0.0,2.951
1682321024.563679,0.0,2.951
1682321024.663751,0.0,2.951
1682321024.763884,4.878048780487805,2.951
1682321024.863963,0.0,2.966437654907046
1682321024.964038,0.0,2.987222351114274
1682321025.064076,0.0,3.00799937211891
1682321025.164186,0.0,3.026
1682321025.264292,0.0,3.026
1682321025.364343,5.0,3.026
1682321025.464418,0.0,3.026
1682321025.564491,0.0,3.026
1682321025.664718,14.634146341463413,3.0261985203727435
1682321025.764844,52.5,3.0265213837121068
1682321025.864931,39.02439024390244,3.027
1682321025.965038,28.205128205128204,3.027
1682321026.064993,2.4390243902439024,3.027
1682321026.165065,0.0,3.027
1682321026.265182,0.0,3.027
1682321026.36526,0.0,2.986737423988948
1682321026.465335,0.0,2.9471857963642463
1682321026.565407,0.0,2.909
1682321026.665482,0.0,2.909
1682321026.765559,0.0,2.909
1682321026.865673,0.0,2.909
1682321026.965703,0.0,2.9087099660545217
1682321027.065783,0.0,2.908151504064743
1682321027.165853,0.0,2.9075930979522955
1682321027.265927,0.0,2.907
1682321027.366003,0.0,2.907
1682321027.466078,0.0,2.907
1682321027.566149,0.0,2.907
1682321027.666254,0.0,2.907
1682321027.766326,2.4390243902439024,2.9050143555882584
1682321027.866398,2.4390243902439024,2.9022908362759563
1682321027.966483,0.0,2.8995669665741377
1682321028.066563,0.0,2.897
1682321028.166636,2.5,2.897
1682321028.26672,0.0,2.897
1682321028.366794,0.0,2.897
1682321028.466918,0.0,2.897
1682321028.567074,0.0,2.897
1682321028.667258,0.0,2.897
1682321028.767311,2.564102564102564,2.897
1682321028.867585,0.0,2.897
1682321028.967515,0.0,2.897
1682321029.067641,2.4390243902439024,2.897
1682321029.167915,62.5,2.897
1682321029.267942,36.84210526315789,3.003530916174533
1682321029.367962,35.0,3.1378714831853127
1682321029.467954,21.052631578947366,3.318
1682321029.568018,0.0,3.318
1682321029.668102,5.0,3.318
1682321029.768222,0.0,3.318
1682321029.868299,2.5,3.318
1682321029.968375,2.4390243902439024,3.319022566455755
1682321030.068611,14.634146341463413,3.319923496057728
1682321030.168714,47.5,3.321
1682321030.268819,37.5,3.321
1682321030.368833,27.500000000000004,3.321
1682321030.4689,0.0,3.321
1682321030.568974,0.0,3.321
1682321030.669052,0.0,3.321
1682321030.769132,0.0,3.2678493019779515
1682321030.869235,0.0,3.2263819048127487
1682321030.969313,0.0,3.173
1682321031.069389,2.5,3.173
1682321031.169616,30.76923076923077,3.173
1682321031.269662,35.0,3.173
1682321031.369735,39.02439024390244,3.173
1682321031.469787,17.5,3.1727253274975453
1682321031.569868,2.564102564102564,3.172178357896328
1682321031.67006,0.0,3.1716307836942805
1682321031.77002,2.5,3.171
1682321031.870199,23.076923076923077,3.171
1682321031.970343,45.0,3.171
1682321032.070523,35.0,3.171
1682321032.170501,25.64102564102564,3.396351372252949
1682321032.270566,0.0,3.6319248894393357
1682321032.370646,0.0,3.965
1682321032.470711,0.0,3.965
1682321032.570799,2.5,3.965
1682321032.67088,0.0,3.965
1682321032.770955,0.0,3.965
1682321032.871031,0.0,3.9661684869631895
1682321032.971402,37.5,3.9671069010278317
1682321033.071368,41.02564102564102,3.968
1682321033.171573,37.5,3.968
1682321033.271571,15.0,3.968
1682321033.371557,2.564102564102564,3.968
1682321033.472133,5.0,3.768949069005036
1682321033.572076,48.78048780487805,3.5682632257149045
1682321033.67209,37.5,3.367435195323261
1682321033.772148,35.0,3.219
1682321033.872238,0.0,3.219
1682321033.97231,5.0,3.219
1682321034.072657,9.75609756097561,3.219
1682321034.1727,43.58974358974359,3.219
1682321034.27293,41.46341463414634,3.219
1682321034.373316,33.33333333333333,3.219
1682321034.473063,7.5,3.219
1682321034.573231,0.0,3.219
1682321034.673398,7.5,3.219
1682321034.773684,54.761904761904766,3.3004706513636246
1682321034.873849,40.0,3.462359213336262
1682321034.973877,30.76923076923077,3.624026591856064
1682321035.074001,2.564102564102564,3.754
1682321035.174069,0.0,3.754
1682321035.274494,55.00000000000001,3.754
1682321035.374933,33.33333333333333,3.754
1682321035.474756,40.0,3.753586650280236
1682321035.574815,2.564102564102564,3.753305726080196
1682321035.674892,0.0,3.753
1682321035.775188,48.78048780487805,3.753
1682321035.87552,32.5,3.753
1682321035.9759,37.5,3.753
1682321036.075636,10.256410256410255,3.792841556785044
1682321036.176296,5.0,3.8340747114194085
1682321036.276251,46.15384615384615,3.8750190770271433
1682321036.376307,35.8974358974359,3.902
1682321036.476298,32.5,3.902
1682321036.576294,2.5,3.902
1682321036.676409,0.0,3.902
1682321036.776592,51.28205128205128,3.9012999939129553
1682321036.876727,35.0,3.9007318737952725
1682321036.976848,36.58536585365854,3.9
1682321037.076868,10.256410256410255,3.9
1682321037.176936,0.0,3.9
1682321037.277164,52.5,3.9
1682321037.377459,34.146341463414636,3.916686886654148
1682321037.47742,36.58536585365854,3.938816728267912
1682321037.577434,12.195121951219512,3.960958287533764
1682321037.677511,0.0,3.98
1682321037.77759,4.878048780487805,3.98
1682321037.877844,35.0,3.98
1682321037.978265,31.57894736842105,3.98
1682321038.078275,40.0,3.98
1682321038.178241,17.073170731707318,3.98
1682321038.278302,5.0,3.98
1682321038.378558,23.076923076923077,3.98
1682321038.478696,39.02439024390244,3.98
1682321038.578829,35.0,3.98
1682321038.67887,27.500000000000004,3.98
1682321038.778862,2.5,3.98
1682321038.879059,18.91891891891892,3.98
1682321038.979217,59.523809523809526,3.8815825717232855
1682321039.079371,31.57894736842105,3.723290207833366
1682321039.179396,29.268292682926827,3.565201702694874
1682321039.279583,0.0,3.405
1682321039.379704,5.405405405405405,3.405
1682321039.480021,19.047619047619047,3.405
1682321039.579932,62.5,3.405
1682321039.680091,36.58536585365854,3.405
1682321039.780241,36.58536585365854,3.405
1682321039.880206,7.894736842105263,3.4041133049369883
1682321039.980376,20.0,3.4034969526619188
1682321040.080496,47.5,3.403
1682321040.180736,33.33333333333333,3.403
1682321040.280648,30.0,3.403
1682321040.380726,2.564102564102564,3.403
1682321040.480976,10.0,3.3954264101147733
1682321040.581028,43.58974358974359,3.3889873258454553
1682321040.681223,40.0,3.38
1682321040.781205,30.0,3.38
1682321040.881288,7.317073170731707,3.38
1682321040.981632,5.0,3.38
1682321041.081709,55.00000000000001,3.3804664286612796
1682321041.181768,37.5,3.3813043953125717
1682321041.281801,39.02439024390244,3.3821421443247095
1682321041.381876,4.878048780487805,3.383
1682321041.48195,0.0,3.383
1682321041.582133,46.15384615384615,3.383
1682321041.68227,40.0,3.383
1682321041.782512,34.21052631578947,3.610051630202673
1682321041.882454,12.82051282051282,3.8334222205869017
1682321041.982568,4.878048780487805,4.057177540378906
1682321042.082871,40.0,4.194
1682321042.183088,32.5,4.194
1682321042.283159,40.0,4.194
1682321042.383188,15.789473684210526,4.194
1682321042.483254,7.142857142857142,4.194
1682321042.583504,40.0,4.193601093907365
1682321042.683592,37.5,4.192939961872304
1682321042.783968,36.58536585365854,4.192
1682321042.883805,12.82051282051282,4.192
1682321042.983834,2.5,4.192
1682321043.084095,31.70731707317073,4.192
1682321043.184183,34.21052631578947,4.192
1682321043.284327,35.8974358974359,4.084296403878962
1682321043.384255,20.0,4.002129201460597
1682321043.484326,2.564102564102564,3.93
1682321043.584506,28.205128205128204,3.93
1682321043.684732,46.34146341463415,3.93
1682321043.784963,35.0,3.93
1682321043.884897,23.076923076923077,3.93
1682321043.984971,2.564102564102564,3.9304807020080528
1682321044.085172,22.5,3.9308145880139698
1682321044.185373,45.23809523809524,3.931
1682321044.285561,36.58536585365854,3.931
1682321044.385477,27.500000000000004,3.931
1682321044.485555,7.317073170731707,3.881490004382172
1682321044.585845,7.894736842105263,3.7844287877671476
1682321044.685864,48.78048780487805,3.6876299255806377
1682321044.786056,37.5,3.574
1682321044.886033,32.5,3.574
1682321044.986399,7.317073170731707,3.574
1682321045.086452,0.0,3.574
1682321045.186685,48.717948717948715,3.574165153438264
1682321045.286831,33.33333333333333,3.5744747586426495
1682321045.386812,37.5,3.5747838545236905
1682321045.486885,2.631578947368421,3.575
1682321045.587204,7.5,3.575
1682321045.687309,55.00000000000001,3.575
1682321045.787385,37.5,3.575
1682321045.887408,35.0,3.575
1682321045.987484,0.0,3.575
1682321046.087558,0.0,3.8562000950713795
1682321046.187964,57.49999999999999,4.050033380617512
1682321046.288128,35.0,4.246
1682321046.388197,37.5,4.246
1682321046.488239,2.564102564102564,4.246
1682321046.588349,0.0,4.246
1682321046.688745,36.58536585365854,4.246
1682321046.788987,34.21052631578947,4.245708819987979
1682321046.889034,39.02439024390244,4.2451464731372
1682321046.9889,17.94871794871795,4.24458514476852
1682321047.088975,2.5,4.244
1682321047.189048,0.0,4.244
1682321047.28927,40.0,4.244
1682321047.389386,35.8974358974359,4.244
1682321047.489538,35.0,4.221532275039191
1682321047.589598,10.256410256410255,4.197799900097703
1682321047.689698,5.0,4.172
1682321047.789713,0.0,4.172
1682321047.88997,51.21951219512195,4.172
1682321047.990108,41.46341463414634,4.172
1682321048.090267,31.57894736842105,4.172
1682321048.190262,12.195121951219512,4.172834744762964
1682321048.290329,2.5,4.1734241900781415
1682321048.390415,2.5,4.174
1682321048.490724,43.58974358974359,4.174
1682321048.590825,42.857142857142854,4.174
1682321048.691102,34.21052631578947,4.174
1682321048.791069,12.5,4.115278252629352
1682321048.891267,0.0,4.0581262571134795
1682321048.991632,21.951219512195124,3.985
1682321049.091992,43.58974358974359,3.985
1682321049.19227,35.0,3.985
1682321049.292129,29.268292682926827,3.985
1682321049.392133,2.564102564102564,3.9847832649185166
1682321049.492725,7.5,3.9845028851182653
1682321049.592867,44.73684210526316,3.984223759312755
1682321049.693166,37.5,3.984
1682321049.792972,38.46153846153847,3.984
1682321049.89301,5.0,3.984
1682321049.99369,5.0,3.984
1682321050.093772,56.41025641025641,3.88355632547747
1682321050.193821,36.58536585365854,3.769142615842954
1682321050.29373,37.5,3.615
1682321050.394137,0.0,3.615
1682321050.493895,0.0,3.615
1682321050.594308,56.09756097560976,3.615
1682321050.694709,31.57894736842105,3.615
1682321050.794909,36.58536585365854,3.615
1682321050.894745,10.256410256410255,3.615
1682321050.994703,0.0,3.615
1682321051.094907,50.0,3.615
1682321051.195247,36.58536585365854,3.615
1682321051.295274,36.58536585365854,3.615
1682321051.39531,7.5,3.7050930200469554
1682321051.495421,0.0,3.7876102603449104
1682321051.59566,42.5,3.897
1682321051.696036,38.095238095238095,3.897
1682321051.796258,35.0,3.897
1682321051.896048,12.5,3.897
1682321051.996099,0.0,3.897
1682321052.09644,35.8974358974359,3.8965276841606005
1682321052.196634,41.46341463414634,3.896198232183665
1682321052.297142,40.0,3.896
1682321052.396902,15.384615384615385,3.896
1682321052.497015,2.564102564102564,3.896
1682321052.597457,30.76923076923077,3.896
1682321052.697892,43.90243902439025,3.8686562830484084
1682321052.797798,35.8974358974359,3.8308133691757784
1682321052.897809,22.5,3.789
1682321052.997862,0.0,3.789
1682321053.097963,5.0,3.789
1682321053.198254,25.0,3.789
1682321053.298425,39.473684210526315,3.789
1682321053.398747,35.0,3.789
1682321053.498598,25.0,3.789
1682321053.598665,2.564102564102564,3.789
1682321053.69905,12.5,3.789
1682321053.799171,48.78048780487805,3.789
1682321053.899593,38.095238095238095,3.789
1682321053.9993,31.70731707317073,3.960958784539467
1682321054.099558,5.0,4.093909635743465
1682321054.199985,12.5,4.243
1682321054.299905,53.84615384615385,4.243
1682321054.400176,39.02439024390244,4.243
1682321054.500199,28.947368421052634,4.243
1682321054.600887,4.878048780487805,4.242782047986881
1682321054.700394,0.0,4.2425204095321805
1682321054.800845,55.00000000000001,4.242256288608351
1682321054.901012,35.0,4.242
1682321055.001397,38.46153846153847,4.242
1682321055.101826,5.0,4.242
1682321055.201098,0.0,4.242
1682321055.301501,48.78048780487805,4.011880649936644
1682321055.401537,33.33333333333333,3.789351807528647
1682321055.501805,36.58536585365854,3.466
1682321055.601773,12.82051282051282,3.466
1682321055.701828,2.5,3.466
1682321055.802236,35.0,3.466
1682321055.902559,35.0,3.466
1682321056.00246,39.02439024390244,3.465598489652541
1682321056.102486,13.157894736842104,3.465322509834362
1682321056.202561,2.564102564102564,3.465
1682321056.303001,25.0,3.465
1682321056.403079,47.5,3.465
1682321056.503217,35.0,3.465
1682321056.603177,25.64102564102564,3.465
1682321056.703239,2.564102564102564,3.5908476792980495
1682321056.803979,19.047619047619047,3.7889614447299773
1682321056.903883,48.78048780487805,3.985431349877042
1682321057.00397,35.8974358974359,4.143
1682321057.104005,26.31578947368421,4.143
1682321057.204081,2.564102564102564,4.143
1682321057.304222,15.0,4.143
1682321057.40438,42.5,4.143246588934617
1682321057.504448,35.0,4.143565465332453
1682321057.604478,31.70731707317073,4.144
1682321057.704589,0.0,4.144
1682321057.80498,27.500000000000004,4.144
1682321057.904963,35.8974358974359,4.144
1682321058.005357,35.0,4.144167882313474
1682321058.105241,25.0,4.14447474389381
1682321058.205312,5.0,4.144782179726263
1682321058.305638,22.5,4.145
1682321058.405743,50.0,4.145
1682321058.505955,33.33333333333333,4.145
1682321058.605859,30.0,4.145
1682321058.705938,2.5,4.145
1682321058.806012,0.0,4.145
1682321058.906463,56.09756097560976,4.145
1682321059.006657,33.33333333333333,4.145
1682321059.106754,36.58536585365854,4.145
1682321059.206584,12.82051282051282,4.145
1682321059.306981,26.82926829268293,4.145
1682321059.407083,40.0,4.145
1682321059.50753,33.33333333333333,4.06114410632935
1682321059.607325,27.500000000000004,3.954051693889366
1682321059.707567,2.564102564102564,3.795
1682321059.80753,5.263157894736842,3.795
1682321059.907699,43.58974358974359,3.795
1682321060.008023,38.095238095238095,3.795
1682321060.108202,33.33333333333333,3.795
1682321060.208185,25.64102564102564,3.795
1682321060.308242,0.0,3.795
1682321060.408716,47.5,3.795
1682321060.508887,40.0,3.795
1682321060.608948,35.0,3.795
1682321060.708797,12.5,3.795
1682321060.808847,0.0,3.758418020510567
1682321060.909518,37.5,3.7000376968734914
1682321061.009706,40.0,3.641937491498772
1682321061.109631,38.46153846153847,3.61
1682321061.209591,15.384615384615385,3.61
1682321061.30964,5.0,3.61
1682321061.410274,38.095238095238095,3.61
1682321061.510173,35.8974358974359,3.6101695195104457
1682321061.610256,37.5,3.610390112220205
1682321061.710237,15.0,3.610610480542104
1682321061.810308,2.564102564102564,3.6108310469769385
1682321061.911018,30.76923076923077,3.611
1682321062.011148,35.0,3.6509216878701833
1682321062.111383,39.02439024390244,3.683143907308341
1682321062.211051,20.0,3.715
1682321062.311123,0.0,3.715
1682321062.411538,20.51282051282051,3.715
1682321062.511594,47.5,3.715
1682321062.612138,36.58536585365854,3.7141342797875456
1682321062.71182,29.268292682926827,3.713333466133169
1682321062.811899,2.564102564102564,3.712529461451975
1682321062.911944,0.0,3.712
1682321063.01217,52.63157894736842,3.712
1682321063.112421,36.58536585365854,3.712
1682321063.212934,35.0,3.712
1682321063.312525,10.256410256410255,3.8345980021405635
1682321063.41255,0.0,3.9244021405636818
1682321063.51278,51.21951219512195,4.036
1682321063.612951,35.0,4.036
1682321063.713033,37.5,4.036
1682321063.813106,7.5,4.036
1682321063.913155,0.0,4.0368737875061615
1682321064.0135,43.90243902439025,4.038007496518415
1682321064.113562,35.8974358974359,4.039138010823216
1682321064.21374,34.146341463414636,4.04
1682321064.313689,12.82051282051282,4.04
1682321064.413757,0.0,4.04
1682321064.514128,42.5,4.04
1682321064.614353,43.58974358974359,3.956940883318366
1682321064.714423,35.0,3.8876955591283546
1682321064.814468,17.073170731707318,3.828
1682321064.914472,0.0,3.828
1682321065.014738,56.75675675675676,3.828
1682321065.114924,35.8974358974359,3.828
1682321065.215335,35.0,3.8274856020720107
1682321065.315247,12.5,3.8268925002830616
1682321065.415347,2.5,3.826298283231431
1682321065.515922,37.5,3.826
1682321065.616151,39.02439024390244,3.826
1682321065.716257,38.46153846153847,3.826
1682321065.816128,15.384615384615385,3.829009445024613
1682321065.916169,2.5,3.8345596883095583
1682321066.016676,37.5,3.8401357911605256
1682321066.11716,35.0,3.846
1682321066.216835,36.84210526315789,3.846
1682321066.31679,17.5,3.846
1682321066.416872,2.564102564102564,3.846
1682321066.517242,27.500000000000004,3.846
1682321066.617468,46.15384615384615,3.8455125422109107
1682321066.717683,35.0,3.845174426985381
1682321066.81757,23.076923076923077,3.845
1682321066.917703,2.564102564102564,3.845
1682321067.018148,21.951219512195124,3.845
1682321067.118262,50.0,3.845
1682321067.218472,38.095238095238095,3.8782319848639895
1682321067.318422,26.31578947368421,3.902326084845426
1682321067.418542,4.878048780487805,3.932
1682321067.519232,2.564102564102564,3.932
1682321067.61919,51.21951219512195,3.932
1682321067.719274,35.8974358974359,3.932
1682321067.81927,35.8974358974359,3.9322443475794437
1682321067.919372,0.0,3.932518114805674
1682321068.019987,2.5,3.932793284582055
1682321068.119992,48.78048780487805,3.933
1682321068.220263,35.0,3.933
1682321068.320115,36.84210526315789,3.933
1682321068.420231,2.5,3.933
1682321068.52018,0.0,3.861854484543712
1682321068.62043,55.00000000000001,3.8014406170241184
1682321068.720529,35.0,3.734
1682321068.82082,33.33333333333333,3.734
1682321068.920724,10.256410256410255,3.734
1682321069.020907,0.0,3.734
1682321069.121278,51.28205128205128,3.734
1682321069.221198,35.0,3.734
1682321069.321577,35.0,3.734
1682321069.421439,10.256410256410255,3.734
1682321069.521487,5.0,3.734
1682321069.621745,41.46341463414634,3.734
1682321069.721974,37.5,3.734
1682321069.822286,31.57894736842105,3.734
1682321069.922107,12.82051282051282,3.7557153970685118
1682321070.022155,2.5,3.781554589671759
1682321070.122648,42.10526315789473,3.807508682791167
1682321070.222677,40.0,3.837
1682321070.322774,35.0,3.837
1682321070.422784,10.256410256410255,3.837
1682321070.522828,2.564102564102564,3.837
1682321070.623235,32.5,3.837
1682321070.723594,45.0,3.837
1682321070.823911,40.476190476190474,3.837423518479684
1682321070.923579,17.5,3.837725815875679
1682321071.023655,5.0,3.838
1682321071.124174,28.57142857142857,3.838
1682321071.224091,45.0,3.838
1682321071.324398,35.0,3.838
1682321071.424174,28.205128205128204,3.838
1682321071.524255,4.878048780487805,3.8860100576871943
1682321071.624645,23.076923076923077,3.9663280771320566
1682321071.724754,40.0,4.046421393972325
1682321071.825089,36.58536585365854,4.102
1682321071.924856,27.500000000000004,4.102
1682321072.02494,0.0,4.102
1682321072.12553,7.5,4.102
1682321072.225469,47.5,4.102
1682321072.325778,35.8974358974359,4.102
1682321072.425577,33.33333333333333,4.102
1682321072.525735,4.878048780487805,4.102
1682321072.625718,0.0,4.102
1682321072.726146,55.00000000000001,4.102
1682321072.826437,35.0,4.102
1682321072.926335,37.5,4.157536434470324
1682321073.026349,7.6923076923076925,4.197660514094453
1682321073.126406,0.0,4.243
1682321073.226776,41.02564102564102,4.243
1682321073.326977,43.90243902439025,4.243
1682321073.427016,35.0,4.243
1682321073.526981,17.5,4.243294440792202
1682321073.627022,0.0,4.2436166929832915
1682321073.727342,48.717948717948715,4.244
1682321073.827642,34.146341463414636,4.244
1682321073.927676,35.0,4.244
1682321074.027626,12.5,4.244
1682321074.127663,0.0,4.244
1682321074.227734,0.0,3.85158683948526
1682321074.328119,35.714285714285715,3.5464822394366413
1682321074.428319,35.8974358974359,3.308
1682321074.528337,39.02439024390244,3.308
1682321074.6283,20.51282051282051,3.308
1682321074.728542,2.5,3.308
1682321074.828507,0.0,3.3059013702567968
1682321074.928579,2.4390243902439024,3.3036874762234105
1682321075.028859,47.5,3.3014689880749484
1682321075.128962,41.02564102564102,3.3
1682321075.229308,35.0,3.3
1682321075.329129,10.256410256410255,3.3
1682321075.429201,2.7027027027027026,3.3
1682321075.529274,0.0,3.3
1682321075.629349,0.0,3.3
1682321075.729427,0.0,3.2903222906953578
1682321075.829499,0.0,3.282847823062548
1682321075.92957,0.0,3.275373426660597
1682321076.029953,23.076923076923077,3.268
1682321076.130032,47.5,3.269317911309724
1682321076.230385,36.58536585365854,3.2706178177337315
1682321076.330158,25.0,3.2719102102834765
1682321076.430218,0.0,3.273
1682321076.530336,0.0,3.273
1682321076.630361,0.0,3.273
1682321076.730442,0.0,3.273
1682321076.830507,0.0,3.273
1682321076.930891,48.717948717948715,3.1939302771942475
1682321077.030855,35.0,3.0753459152764493
1682321077.13132,35.0,2.9561670462911587
1682321077.231077,12.5,2.88
1682321077.331142,0.0,2.88
1682321077.431221,0.0,2.88
1682321077.531393,0.0,2.88
1682321077.631365,0.0,2.880356291833582
1682321077.731448,0.0,2.8806857630822167
1682321077.831514,0.0,2.881
1682321077.931865,45.0,2.881
1682321078.032072,37.5,2.881
1682321078.132125,37.5,2.881
1682321078.232064,15.384615384615385,3.046406160429761
1682321078.3321,0.0,3.3606979400821437
1682321078.432436,54.761904761904766,3.67593278758217
1682321078.53264,37.5,3.947
1682321078.632654,33.33333333333333,3.947
1682321078.732628,10.0,3.947
1682321078.832709,2.5,3.947
1682321078.932771,0.0,3.947
1682321079.033063,45.0,3.9475875541306307
1682321079.133243,41.86046511627907,3.948443431199612
1682321079.233402,33.33333333333333,3.9492991269844504
1682321079.33337,12.82051282051282,3.95
1682321079.433442,2.5,3.95
1682321079.533488,0.0,3.95
1682321079.634115,51.21951219512195,3.95
1682321079.734368,33.33333333333333,3.95
1682321079.834054,38.46153846153847,3.95
1682321079.934098,2.5,3.882844325417088
1682321080.034135,2.564102564102564,3.834748225878724
1682321080.134853,22.5,3.774
1682321080.234771,51.28205128205128,3.774
1682321080.334963,35.0,3.774
1682321080.449404,39.130434782608695,3.774
1682321080.535008,0.0,3.774
1682321080.635111,2.564102564102564,3.774
1682321080.735525,5.128205128205128,3.7735911335394916
1682321080.835892,57.14285714285714,3.773292556315252
1682321080.935913,40.0,3.773
1682321081.035794,33.33333333333333,3.773
1682321081.13587,0.0,3.773
1682321081.236329,9.75609756097561,3.773
1682321081.336691,52.63157894736842,3.773
1682321081.436522,39.02439024390244,3.773
1682321081.536391,35.0,3.760025373418038
1682321081.636512,5.0,3.7513427475697396
1682321081.736832,10.0,3.742
1682321081.837116,47.5,3.742
1682321081.937253,39.02439024390244,3.742
1682321082.037209,33.33333333333333,3.742
1682321082.137329,0.0,3.7417433368597757
1682321082.237711,4.878048780487805,3.7414623125673723
1682321082.33784,48.717948717948715,3.7411819957882932
1682321082.437891,37.5,3.741
1682321082.537916,35.8974358974359,3.741
1682321082.638006,2.5,3.741
1682321082.738061,0.0,3.741
1682321082.838318,50.0,3.5540545248892186
1682321082.938561,37.5,3.4096445712709276
1682321083.038809,35.0,3.243
1682321083.138803,10.256410256410255,3.243
1682321083.238894,2.5,3.243
1682321083.339657,40.0,3.243
1682321083.439352,43.90243902439025,3.243
1682321083.539534,37.5,3.243
1682321083.639718,15.384615384615385,3.2426301266716004
1682321083.739526,2.5,3.2423299234405567
1682321083.839902,37.5,3.242
1682321083.940094,36.58536585365854,3.242
1682321084.040127,38.46153846153847,3.242
1682321084.14015,15.0,3.242
1682321084.240247,0.0,3.320642318426341
1682321084.340629,35.8974358974359,3.4396413741324343
1682321084.440694,36.58536585365854,3.558264524044709
1682321084.540919,37.5,3.632
1682321084.640817,17.5,3.632
1682321084.740893,2.564102564102564,3.632
1682321084.841552,30.0,3.632
1682321084.941581,45.0,3.632
1682321085.041565,35.8974358974359,3.632
1682321085.141538,20.0,3.632
1682321085.241612,2.564102564102564,3.632
1682321085.342156,22.5,3.632
1682321085.442162,48.717948717948715,3.632
1682321085.542226,38.46153846153847,3.632
1682321085.642199,28.205128205128204,3.632
1682321085.742464,2.564102564102564,3.8771983211339376
1682321085.842716,10.0,4.05677940214299
1682321085.942709,48.717948717948715,4.273
1682321086.042885,36.58536585365854,4.273
1682321086.142874,30.76923076923077,4.273
1682321086.242985,2.5,4.273
1682321086.343415,5.128205128205128,4.273162129150845
1682321086.443584,48.78048780487805,4.273475800081528
1682321086.543814,35.8974358974359,4.2737896621388565
1682321086.643714,35.0,4.274
1682321086.743921,4.878048780487805,4.274
1682321086.843884,2.5,4.274
1682321086.944188,56.09756097560976,4.274
1682321087.04437,35.8974358974359,4.14950284503154
1682321087.144393,36.58536585365854,4.0490560591559355
1682321087.244445,5.263157894736842,3.9485800629842664
1682321087.344546,0.0,3.895
1682321087.444983,51.21951219512195,3.895
1682321087.545098,37.5,3.895
1682321087.645351,33.33333333333333,3.895
1682321087.745311,12.5,3.895
1682321087.845247,2.5,3.894674432407583
1682321087.945636,38.46153846153847,3.894395513578896
1682321088.045697,39.02439024390244,3.894
1682321088.145822,35.8974358974359,3.894
1682321088.245887,15.0,3.894
1682321088.345983,2.564102564102564,3.894
1682321088.446467,37.5,3.854293781792962
1682321088.546609,37.5,3.799335125212383
1682321088.646742,35.0,3.744381309928041
1682321088.746751,15.0,3.691
1682321088.846802,4.878048780487805,3.691
1682321088.947285,36.58536585365854,3.691
1682321089.047875,43.90243902439025,3.691
1682321089.147565,36.84210526315789,3.691
1682321089.247377,17.5,3.691
1682321089.3475,0.0,3.691
1682321089.447888,23.809523809523807,3.691
1682321089.548045,46.15384615384615,3.691
1682321089.648107,35.8974358974359,3.691
1682321089.748085,32.5,3.691
1682321089.848158,5.0,3.691
1682321089.948448,25.0,3.691
1682321090.048604,38.46153846153847,3.691
1682321090.148867,32.5,3.6524199668859025
1682321090.248711,25.64102564102564,3.6131783749005764
1682321090.348791,0.0,3.564
1682321090.449004,17.073170731707318,3.564
1682321090.54918,45.0,3.564
1682321090.649299,35.8974358974359,3.564
1682321090.749259,30.76923076923077,3.564
1682321090.849372,2.564102564102564,3.564
1682321090.949829,2.4390243902439024,3.564
1682321091.049697,60.0,3.564
1682321091.149788,35.0,3.564
1682321091.249863,38.46153846153847,3.564
1682321091.349919,5.0,3.564
1682321091.450314,2.5,3.564
1682321091.550269,55.00000000000001,3.630195712547486
1682321091.650782,38.095238095238095,3.7026373638111516
1682321091.750628,38.46153846153847,3.774598055970946
1682321091.850664,5.0,3.823
1682321091.950777,4.878048780487805,3.823
1682321092.051001,47.5,3.823
1682321092.15134,31.57894736842105,3.823
1682321092.251604,36.58536585365854,3.823
1682321092.351426,9.75609756097561,3.823
1682321092.451467,2.564102564102564,3.823
1682321092.551754,35.8974358974359,3.823
1682321092.652009,37.5,3.823
1682321092.752088,35.0,3.823
1682321092.852101,12.5,3.8175792267466093
1682321092.952083,5.0,3.8109720611257765
1682321093.052391,39.02439024390244,3.804343357678034
1682321093.152516,45.0,3.801
1682321093.252523,35.8974358974359,3.801
1682321093.352537,12.5,3.801
1682321093.452602,2.564102564102564,3.801
1682321093.552893,28.205128205128204,3.801
1682321093.653005,42.5,3.801
1682321093.753063,37.5,3.801
1682321093.853091,18.421052631578945,3.801
1682321093.953156,4.878048780487805,3.801
1682321094.053498,28.205128205128204,3.801
1682321094.15359,40.0,3.801
1682321094.253638,36.58536585365854,3.8121654105695315
1682321094.353671,25.0,3.819654719580292
1682321094.453735,2.5,3.824
1682321094.554069,22.5,3.824
1682321094.654124,40.0,3.824
1682321094.754234,35.0,3.824
1682321094.854275,28.205128205128204,3.823651875618807
1682321094.954367,4.878048780487805,3.823358540254517
1682321095.054613,10.256410256410255,3.823
1682321095.154654,52.5,3.823
1682321095.254843,37.5,3.823
1682321095.354968,40.0,3.823
1682321095.455021,10.0,3.7876986596096383
1682321095.555073,2.5,3.7179655469172905
1682321095.655312,30.0,3.6481021568732737
1682321095.755459,40.0,3.594
1682321095.855556,37.5,3.594
1682321095.95562,25.0,3.594
1682321096.055664,0.0,3.594
1682321096.155918,51.28205128205128,3.5943393976344855
1682321096.256025,35.0,3.594630633911256
1682321096.356233,35.0,3.595
1682321096.456187,10.256410256410255,3.595
1682321096.556279,0.0,3.595
1682321096.656482,39.02439024390244,3.595
1682321096.756695,37.5,3.642992963731172
1682321096.856792,35.0,3.723431548252849
1682321096.956779,12.82051282051282,3.803781807573402
1682321097.056806,2.564102564102564,3.882
1682321097.157208,39.02439024390244,3.882
1682321097.257218,42.10526315789473,3.882
1682321097.357457,39.02439024390244,3.882
1682321097.457378,12.82051282051282,3.882
1682321097.5574,0.0,3.882
1682321097.657665,37.5,3.882
1682321097.757874,41.02564102564102,3.882
1682321097.858036,37.5,3.882
1682321097.957976,15.0,3.882
1682321098.058038,2.564102564102564,3.882
1682321098.158433,29.268292682926827,3.882
1682321098.258527,40.0,3.831167281098173
1682321098.358689,35.0,3.7914200114577885
1682321098.458664,21.052631578947366,3.737
1682321098.558735,2.564102564102564,3.737
1682321098.659048,22.5,3.737
1682321098.759162,40.0,3.737
1682321098.859401,36.58536585365854,3.736813030506432
1682321098.95931,25.64102564102564,3.736536183445557
1682321099.059339,0.0,3.736259004074924
1682321099.159599,17.5,3.736
1682321099.25981,53.65853658536586,3.736
1682321099.359934,36.58536585365854,3.736
1682321099.459875,28.205128205128204,3.736
1682321099.559957,2.5,3.759532958333032
1682321099.660388,10.256410256410255,3.7808520580431058
1682321099.760443,52.5,3.802091344867726
1682321099.8605,37.5,3.813
1682321099.960454,31.57894736842105,3.813
1682321100.060579,2.5,3.813
1682321100.160612,0.0,3.813
1682321100.260914,47.368421052631575,3.813427742951056
1682321100.360982,36.58536585365854,3.8137187953344522
1682321100.461077,36.84210526315789,3.814
1682321100.561195,5.0,3.814
1682321100.661327,25.64102564102564,3.814
1682321100.761456,47.61904761904761,3.814
1682321100.861766,33.33333333333333,3.9287348779898084
1682321100.961583,25.64102564102564,4.020812652658129
1682321101.061701,5.0,4.126
1682321101.161741,2.564102564102564,4.126
1682321101.262029,47.5,4.126
1682321101.362174,37.5,4.126
1682321101.462276,33.33333333333333,4.126
1682321101.562448,15.0,4.126
1682321101.662436,0.0,4.126
1682321101.76269,40.0,4.126
1682321101.862855,38.46153846153847,4.126
1682321101.963198,37.5,4.126
1682321102.063039,12.5,4.126
1682321102.163174,5.0,3.9997152384065506
1682321102.263521,37.5,3.897377245276346
1682321102.363624,35.8974358974359,3.763
1682321102.464023,35.714285714285715,3.763
1682321102.563725,10.256410256410255,3.763
1682321102.663796,2.564102564102564,3.763
1682321102.764156,4.878048780487805,3.762833691145727
1682321102.864122,55.00000000000001,3.762538557863543
1682321102.964406,35.0,3.7622424848838927
1682321103.064572,37.5,3.762
1682321103.164522,10.0,3.762
1682321103.264761,25.0,3.762
1682321103.364813,41.02564102564102,3.762
1682321103.465053,37.5,3.8522651892268613
1682321103.565043,32.5,3.9375621077234344
1682321103.665113,2.564102564102564,4.022927363331739
1682321103.765453,15.384615384615385,4.069
1682321103.865574,45.0,4.069
1682321103.965682,36.58536585365854,4.069
1682321104.065661,30.0,4.069
1682321104.165749,2.564102564102564,4.069
1682321104.26596,15.0,4.069293714645809
1682321104.366134,45.0,4.069605209623012
1682321104.466359,35.0,4.07
1682321104.56621,32.5,4.07
1682321104.666333,4.878048780487805,4.07
1682321104.766459,0.0,4.07
1682321104.866679,57.49999999999999,4.026518566325538
1682321104.967069,33.33333333333333,3.959442720478189
1682321105.066898,41.46341463414634,3.892741548409851
1682321105.166921,2.564102564102564,3.827
1682321105.267002,2.5,3.827
1682321105.367399,55.00000000000001,3.827
1682321105.467537,39.02439024390244,3.827
1682321105.567713,37.5,3.8266996850674433
1682321105.667581,15.0,3.826423127405735
1682321105.767616,2.5,3.8261461075788485
1682321105.867954,45.0,3.826
1682321105.967969,35.8974358974359,3.826
1682321106.068419,35.0,3.826
1682321106.168239,12.195121951219512,3.8150685062869485
1682321106.282131,0.0,3.7909587055009304
1682321106.368745,45.45454545454545,3.772623331637688
1682321106.468769,38.46153846153847,3.75
1682321106.568755,35.0,3.75
1682321106.6688,15.0,3.75
1682321106.768854,0.0,3.75
1682321106.869283,36.58536585365854,3.75
1682321106.96983,43.58974358974359,3.75
1682321107.069642,37.5,3.750366428019879
1682321107.169544,17.5,3.7506945757062686
1682321107.269624,2.5,3.751
1682321107.370138,26.31578947368421,3.751
1682321107.470449,42.5,3.751
1682321107.570711,35.8974358974359,3.751
1682321107.670451,25.64102564102564,3.801359079042683
1682321107.770528,2.5,3.8973974284796884
1682321107.870655,15.384615384615385,3.9934835964366653
1682321107.970932,46.34146341463415,4.046
1682321108.071046,35.0,4.046
1682321108.171041,28.205128205128204,4.046
1682321108.271128,2.564102564102564,4.046
1682321108.371452,10.256410256410255,4.046423683409272
1682321108.471715,46.34146341463415,4.04670759118598
1682321108.571832,38.095238095238095,4.047
1682321108.67174,32.5,4.047
1682321108.771881,9.523809523809524,4.047
1682321108.872455,12.195121951219512,4.047
1682321108.972578,52.5,3.9990818664038548
1682321109.072517,37.5,3.941535021269427
1682321109.172572,32.5,3.8839213177096665
1682321109.272563,2.5,3.84
1682321109.37322,2.564102564102564,3.84
1682321109.473374,51.28205128205128,3.84
1682321109.573539,35.0,3.84
1682321109.673521,40.0,3.8395875175407155
1682321109.773533,2.5,3.8392689895332803
1682321109.8736,2.5,3.839
1682321109.973893,46.15384615384615,3.839
1682321110.074219,33.33333333333333,3.839
1682321110.174242,37.5,3.839
1682321110.27423,7.5,3.8370573793508367
1682321110.374262,2.5,3.834379772039772
1682321110.474602,45.0,3.8316939257406157
1682321110.574799,35.8974358974359,3.83
1682321110.675221,36.58536585365854,3.83
1682321110.775006,12.5,3.83
1682321110.87504,2.5,3.83
1682321110.975611,38.46153846153847,3.8303566902573962
1682321111.075635,45.23809523809524,3.8306873264189902
1682321111.175624,35.8974358974359,3.831
1682321111.275604,15.0,3.831
1682321111.375685,2.631578947368421,3.831
1682321111.476169,26.82926829268293,3.831
1682321111.576169,43.58974358974359,3.8239645660825246
1682321111.676497,35.0,3.817207226139775
1682321111.776376,27.500000000000004,3.808
1682321111.876362,0.0,3.808
1682321111.976734,31.70731707317073,3.808
1682321112.076964,37.5,3.808
1682321112.177135,35.0,3.808
1682321112.277114,26.190476190476193,3.807601090701558
1682321112.377216,5.0,3.807323752483671
1682321112.47782,15.0,3.807
1682321112.577755,45.0,3.807
1682321112.67792,35.0,3.807
1682321112.777838,28.947368421052634,3.807
1682321112.87792,2.5,3.808991755267769
1682321112.97865,12.195121951219512,3.810996473806046
1682321113.078428,50.0,3.8129822409159155
1682321113.178664,39.02439024390244,3.814
1682321113.278663,30.76923076923077,3.814
1682321113.378752,0.0,3.814
1682321113.478787,0.0,3.814
1682321113.578949,2.564102564102564,3.8132902985186345
1682321113.678972,0.0,3.8127441649152245
1682321113.779246,53.65853658536586,3.812
1682321113.879509,35.0,3.812
1682321113.979537,35.8974358974359,3.812
1682321114.079581,10.0,3.812
1682321114.17961,2.5,3.812
1682321114.280003,46.34146341463415,3.812
1682321114.380034,36.58536585365854,3.7353042212128744
1682321114.480189,34.21052631578947,3.656036902608572
1682321114.580176,7.6923076923076925,3.544
1682321114.680204,0.0,3.544
1682321114.780502,45.0,3.544
1682321114.880737,35.0,3.544
1682321114.981175,35.0,3.544
1682321115.080918,12.5,3.544
1682321115.180949,5.0,3.5444374373243703
1682321115.281183,38.46153846153847,3.5451323714805225
1682321115.381488,39.02439024390244,3.5458277982257975
1682321115.481778,34.146341463414636,3.54652311918012
1682321115.581698,10.256410256410255,3.547
1682321115.681744,0.0,3.6153410308196756
1682321115.782262,25.0,3.6677067734047917
1682321115.882318,43.90243902439025,3.735
1682321115.982863,33.33333333333333,3.735
1682321116.082474,26.31578947368421,3.735
1682321116.182549,2.5,3.735
1682321116.282955,28.947368421052634,3.735
1682321116.383287,35.0,3.734620909129522
1682321116.483467,40.0,3.7342841700933396
1682321116.583362,17.5,3.734
1682321116.683353,2.564102564102564,3.734
1682321116.783878,24.390243902439025,3.734
1682321116.884084,42.5,3.734
1682321116.984236,35.0,3.828893237336141
1682321117.084156,30.0,3.901728747901583
1682321117.184278,5.0,4.01
1682321117.284799,2.5,4.01
1682321117.384989,28.947368421052634,4.01
1682321117.484954,38.095238095238095,4.01
1682321117.584976,33.33333333333333,4.0098346017097395
1682321117.685094,2.564102564102564,4.0095597934386475
1682321117.78526,14.634146341463413,4.009284854283413
1682321117.885381,34.146341463414636,4.009
1682321117.985739,32.5,4.009
1682321118.085578,30.0,4.009
1682321118.185769,0.0,4.009
1682321118.286203,5.0,4.009
1682321118.386255,37.5,4.009
1682321118.486364,31.57894736842105,3.761330743305825
1682321118.586326,30.0,3.5888393031768167
1682321118.686467,2.5,3.436
1682321118.786961,2.5,3.436
1682321118.887049,36.58536585365854,3.436
1682321118.987499,38.095238095238095,3.436
1682321119.087258,33.33333333333333,3.4362596395418654
1682321119.187346,0.0,3.436562971066381
1682321119.287373,2.4390243902439024,3.437
1682321119.38786,31.57894736842105,3.437
1682321119.48798,36.58536585365854,3.437
1682321119.587954,33.33333333333333,3.437
1682321119.687959,2.631578947368421,3.437
