seconds,cpu,user,nice,system,idle,iowait,irq,softirq,steal,guest,guest_nice
1682630313.530088,cpu,2448,0,2349,31747,1712,0,36,0,0,0
1682630314.029713,cpu,2486,0,2360,31883,1728,0,36,0,0,0
1682630314.529797,cpu,2502,0,2371,32019,1764,0,36,0,0,0
1682630315.029887,cpu,2537,0,2384,32144,1794,0,36,0,0,0
1682630315.530093,cpu,2620,0,2392,32250,1795,0,37,0,0,0
1682630316.030196,cpu,2638,0,2395,32425,1798,0,38,0,0,0
1682630316.530192,cpu,2638,0,2395,32625,1798,0,38,0,0,0
1682630317.030419,cpu,2700,0,2405,32752,1798,0,38,0,0,0
1682630317.530472,cpu,2783,0,2408,32866,1798,0,38,0,0,0
1682630318.030613,cpu,2837,0,2414,33004,1798,0,38,0,0,0
1682630318.530673,cpu,2921,0,2416,33116,1798,0,38,0,0,0
1682630319.030804,cpu,2989,0,2419,33245,1798,0,39,0,0,0
1682630319.530895,cpu,3077,0,2420,33355,1798,0,40,0,0,0
1682630320.031017,cpu,3140,0,2422,33489,1798,0,40,0,0,0
1682630320.531075,cpu,3224,0,2425,33601,1798,0,40,0,0,0
1682630321.031202,cpu,3285,0,2427,33736,1798,0,40,0,0,0
1682630321.531257,cpu,3367,0,2429,33850,1798,0,41,0,0,0
1682630322.031392,cpu,3424,0,2432,33989,1798,0,41,0,0,0
1682630322.531461,cpu,3510,0,2433,34102,1798,0,42,0,0,0
1682630323.031580,cpu,3568,0,2437,34239,1798,0,42,0,0,0
1682630323.531655,cpu,3652,0,2439,34352,1798,0,43,0,0,0
1682630324.031769,cpu,3715,0,2442,34486,1798,0,43,0,0,0
1682630324.531846,cpu,3799,0,2444,34599,1798,0,43,0,0,0
1682630325.031967,cpu,3857,0,2446,34738,1798,0,43,0,0,0
1682630325.532048,cpu,3946,0,2449,34846,1798,0,43,0,0,0
1682630326.032169,cpu,3998,0,2450,34991,1798,0,43,0,0,0
1682630326.532242,cpu,4089,0,2454,35098,1798,0,43,0,0,0
1682630327.032532,cpu,4147,0,2456,35239,1798,0,43,0,0,0
1682630327.532576,cpu,4232,0,2458,35350,1798,0,43,0,0,0
1682630328.032561,cpu,4297,0,2460,35484,1798,0,43,0,0,0
1682630328.532634,cpu,4382,0,2462,35597,1798,0,44,0,0,0
1682630329.032749,cpu,4446,0,2463,35730,1798,0,44,0,0,0
1682630329.532836,cpu,4527,0,2465,35844,1798,0,44,0,0,0
1682630330.032954,cpu,4588,0,2467,35980,1798,0,44,0,0,0
1682630330.533027,cpu,4668,0,2471,36096,1798,0,44,0,0,0
1682630331.033157,cpu,4723,0,2475,36235,1798,0,44,0,0,0
1682630331.533219,cpu,4809,0,2477,36346,1798,0,44,0,0,0
1682630332.033343,cpu,4870,0,2479,36483,1798,0,44,0,0,0
1682630332.533430,cpu,4956,0,2481,36594,1798,0,44,0,0,0
1682630333.033556,cpu,5018,0,2482,36730,1798,0,44,0,0,0
1682630333.533627,cpu,5102,0,2484,36842,1798,0,46,0,0,0
1682630334.033751,cpu,5163,0,2486,36978,1798,0,46,0,0,0
1682630334.533826,cpu,5244,0,2488,37093,1798,0,46,0,0,0
1682630335.033976,cpu,5305,0,2490,37230,1798,0,46,0,0,0
1682630335.534057,cpu,5385,0,2492,37346,1798,0,47,0,0,0
1682630336.034170,cpu,5455,0,2494,37473,1798,0,47,0,0,0
1682630336.534231,cpu,5532,0,2496,37593,1798,0,47,0,0,0
1682630337.034386,cpu,5600,0,2497,37723,1798,0,47,0,0,0
1682630337.534446,cpu,5678,0,2499,37842,1798,0,48,0,0,0
1682630338.034575,cpu,5744,0,2504,37970,1798,0,48,0,0,0
1682630338.534645,cpu,5822,0,2507,38088,1798,0,49,0,0,0
1682630339.034790,cpu,5888,0,2509,38221,1798,0,49,0,0,0
1682630339.534836,cpu,5964,0,2511,38341,1798,0,49,0,0,0
1682630340.034980,cpu,6040,0,2513,38464,1798,0,50,0,0,0
1682630340.535048,cpu,6111,0,2516,38588,1798,0,50,0,0,0
1682630341.035126,cpu,6186,0,2517,38712,1798,0,50,0,0,0
1682630341.535340,cpu,6259,0,2519,38836,1798,0,51,0,0,0
1682630342.035336,cpu,6330,0,2520,38963,1798,0,51,0,0,0
1682630342.535414,cpu,6401,0,2522,39088,1798,0,52,0,0,0
1682630343.035555,cpu,6472,0,2525,39214,1798,0,52,0,0,0
1682630343.536455,cpu,6548,0,2530,39333,1798,0,52,0,0,0
1682630344.036028,cpu,6619,0,2532,39458,1798,0,52,0,0,0
1682630344.536134,cpu,6688,0,2534,39584,1798,0,53,0,0,0
1682630345.036210,cpu,6761,0,2536,39709,1798,0,53,0,0,0
1682630345.536267,cpu,6835,0,2540,39831,1798,0,55,0,0,0
1682630346.036422,cpu,6903,0,2545,39959,1798,0,55,0,0,0
1682630346.536488,cpu,6978,0,2547,40081,1799,0,56,0,0,0
1682630347.036673,cpu,7048,0,2549,40209,1799,0,56,0,0,0
1682630347.536691,cpu,7119,0,2553,40333,1799,0,56,0,0,0
1682630348.036831,cpu,7193,0,2558,40454,1799,0,56,0,0,0
1682630348.536880,cpu,7264,0,2560,40579,1799,0,56,0,0,0
1682630349.037025,cpu,7338,0,2562,40703,1799,0,56,0,0,0
1682630349.538080,cpu,7409,0,2563,40828,1799,0,57,0,0,0
1682630350.037466,cpu,7482,0,2565,40953,1799,0,57,0,0,0
1682630350.537604,cpu,7560,0,2566,41072,1799,0,58,0,0,0
1682630351.037857,cpu,7635,0,2567,41196,1799,0,58,0,0,0
1682630351.537870,cpu,7712,0,2570,41314,1799,0,58,0,0,0
1682630352.038154,cpu,7800,0,2570,41425,1799,0,58,0,0,0
1682630352.538187,cpu,7864,0,2574,41557,1799,0,59,0,0,0
1682630353.038500,cpu,7958,0,2575,41661,1799,0,59,0,0,0
1682630353.538711,cpu,7996,0,2578,41818,1799,0,59,0,0,0
1682630354.038826,cpu,8072,0,2578,41941,1799,0,59,0,0,0
1682630354.538913,cpu,8137,0,2583,42070,1799,0,59,0,0,0
1682630355.039474,cpu,8204,0,2586,42200,1799,0,59,0,0,0
1682630355.539981,cpu,8276,0,2588,42325,1799,0,59,0,0,0
1682630356.039835,cpu,8353,0,2590,42445,1799,0,59,0,0,0
1682630356.539934,cpu,8422,0,2595,42570,1799,0,60,0,0,0
1682630357.039910,cpu,8491,0,2599,42696,1799,0,60,0,0,0
1682630357.539995,cpu,8561,0,2602,42824,1799,0,61,0,0,0
1682630358.040112,cpu,8607,0,2605,42974,1799,0,61,0,0,0
1682630358.540194,cpu,8704,0,2606,43076,1799,0,61,0,0,0
1682630359.040266,cpu,8704,0,2608,43274,1799,0,61,0,0,0
1682630359.540491,cpu,8717,0,2612,43458,1799,0,61,0,0,0
1682630360.040708,cpu,8809,0,2612,43565,1799,0,61,0,0,0
1682630360.540685,cpu,8845,0,2614,43727,1799,0,62,0,0,0
1682630361.041261,cpu,8849,0,2615,43919,1799,0,62,0,0,0
1682630361.541060,cpu,8925,0,2616,44040,1799,0,62,0,0,0
1682630362.041117,cpu,8993,0,2618,44167,1799,0,64,0,0,0
1682630362.541234,cpu,9060,0,2620,44299,1799,0,64,0,0,0
1682630363.041308,cpu,9138,0,2624,44416,1799,0,64,0,0,0
1682630363.541439,cpu,9201,0,2626,44550,1800,0,64,0,0,0
1682630364.041646,cpu,9279,0,2628,44666,1800,0,64,0,0,0
1682630364.541670,cpu,9346,0,2630,44795,1800,0,64,0,0,0
1682630365.041752,cpu,9427,0,2634,44909,1800,0,66,0,0,0
1682630365.541879,cpu,9491,0,2634,45041,1800,0,66,0,0,0
1682630366.041943,cpu,9574,0,2636,45154,1800,0,66,0,0,0
1682630366.542055,cpu,9638,0,2638,45289,1800,0,66,0,0,0
1682630367.042135,cpu,9722,0,2640,45402,1800,0,66,0,0,0
1682630367.542283,cpu,9784,0,2642,45538,1800,0,66,0,0,0
1682630368.042332,cpu,9862,0,2646,45654,1800,0,66,0,0,0
1682630368.542449,cpu,9929,0,2648,45787,1800,0,66,0,0,0
1682630369.042524,cpu,10005,0,2652,45907,1800,0,66,0,0,0
1682630369.542650,cpu,10078,0,2653,46030,1800,0,67,0,0,0
1682630370.042722,cpu,10152,0,2655,46153,1800,0,68,0,0,0
1682630370.542961,cpu,10229,0,2656,46274,1800,0,68,0,0,0
1682630371.042915,cpu,10298,0,2658,46400,1800,0,68,0,0,0
1682630371.543071,cpu,10366,0,2659,46530,1800,0,68,0,0,0
1682630372.043115,cpu,10438,0,2661,46653,1800,0,69,0,0,0
1682630372.543251,cpu,10508,0,2662,46781,1800,0,70,0,0,0
1682630373.043320,cpu,10579,0,2666,46905,1800,0,70,0,0,0
1682630373.543480,cpu,10658,0,2667,47025,1800,0,70,0,0,0
1682630374.043540,cpu,10731,0,2669,47149,1800,0,70,0,0,0
1682630374.543672,cpu,10807,0,2670,47272,1800,0,70,0,0,0
1682630375.043735,cpu,10879,0,2673,47396,1800,0,71,0,0,0
1682630375.543883,cpu,10947,0,2674,47526,1800,0,71,0,0,0
1682630376.043921,cpu,11022,0,2680,47643,1800,0,71,0,0,0
1682630376.544079,cpu,11092,0,2682,47772,1800,0,71,0,0,0
1682630377.044140,cpu,11167,0,2685,47894,1800,0,73,0,0,0
1682630377.544271,cpu,11238,0,2690,48016,1800,0,73,0,0,0
1682630378.044357,cpu,11313,0,2694,48138,1800,0,74,0,0,0
1682630378.544505,cpu,11388,0,2695,48262,1800,0,74,0,0,0
1682630379.044540,cpu,11461,0,2700,48385,1800,0,74,0,0,0
1682630379.544701,cpu,11530,0,2701,48514,1800,0,74,0,0,0
1682630380.044760,cpu,11603,0,2703,48638,1800,0,74,0,0,0
1682630380.544892,cpu,11674,0,2704,48765,1800,0,74,0,0,0
1682630381.044950,cpu,11746,0,2708,48891,1800,0,74,0,0,0
1682630381.545106,cpu,11821,0,2709,49014,1800,0,74,0,0,0
1682630382.045166,cpu,11894,0,2711,49138,1800,0,74,0,0,0
1682630382.545304,cpu,11965,0,2719,49259,1800,0,74,0,0,0
1682630383.045369,cpu,12040,0,2722,49380,1800,0,74,0,0,0
1682630383.545526,cpu,12106,0,2727,49509,1800,0,74,0,0,0
1682630384.045569,cpu,12181,0,2731,49630,1800,0,74,0,0,0
1682630384.545721,cpu,12250,0,2732,49760,1800,0,74,0,0,0
1682630385.045867,cpu,12326,0,2735,49882,1800,0,75,0,0,0
1682630385.545919,cpu,12398,0,2740,50005,1800,0,75,0,0,0
1682630386.045972,cpu,12472,0,2742,50126,1800,0,75,0,0,0
1682630386.546106,cpu,12541,0,2750,50249,1800,0,75,0,0,0
1682630387.046166,cpu,12617,0,2752,50369,1800,0,76,0,0,0
1682630387.546297,cpu,12687,0,2755,50496,1800,0,76,0,0,0
1682630388.046371,cpu,12764,0,2756,50615,1800,0,76,0,0,0
1682630388.546503,cpu,12828,0,2757,50748,1800,0,76,0,0,0
1682630389.046572,cpu,12906,0,2760,50867,1800,0,76,0,0,0
1682630389.546693,cpu,12976,0,2764,50992,1801,0,76,0,0,0
1682630390.046766,cpu,13053,0,2766,51111,1801,0,77,0,0,0
1682630390.546900,cpu,13123,0,2766,51240,1801,0,77,0,0,0
1682630391.046978,cpu,13201,0,2769,51358,1801,0,78,0,0,0
1682630391.547131,cpu,13265,0,2774,51488,1801,0,78,0,0,0
1682630392.047176,cpu,13345,0,2777,51605,1801,0,78,0,0,0
1682630392.547299,cpu,13409,0,2778,51739,1801,0,78,0,0,0
1682630393.047367,cpu,13488,0,2781,51857,1801,0,78,0,0,0
1682630393.547503,cpu,13555,0,2786,51984,1801,0,78,0,0,0
1682630394.047577,cpu,13632,0,2790,52103,1801,0,79,0,0,0
1682630394.547712,cpu,13698,0,2791,52236,1801,0,79,0,0,0
1682630395.047781,cpu,13774,0,2796,52354,1801,0,80,0,0,0
1682630395.547903,cpu,13836,0,2801,52486,1801,0,80,0,0,0
1682630396.047969,cpu,13916,0,2802,52604,1801,0,80,0,0,0
1682630396.548127,cpu,13985,0,2802,52734,1801,0,80,0,0,0
1682630397.048192,cpu,14064,0,2804,52851,1801,0,80,0,0,0
1682630397.548357,cpu,14134,0,2805,52979,1801,0,80,0,0,0
1682630398.048422,cpu,14211,0,2808,53099,1801,0,80,0,0,0
1682630398.548449,cpu,14280,0,2809,53227,1801,0,80,0,0,0
1682630399.048604,cpu,14352,0,2812,53350,1801,0,81,0,0,0
1682630399.548663,cpu,14426,0,2813,53475,1801,0,81,0,0,0
1682630400.049180,cpu,14497,0,2822,53596,1801,0,82,0,0,0
1682630400.549105,cpu,14570,0,2824,53720,1801,0,82,0,0,0
1682630401.049135,cpu,14648,0,2828,53835,1801,0,82,0,0,0
1682630401.549308,cpu,14729,0,2828,53955,1801,0,82,0,0,0
1682630402.049383,cpu,14800,0,2833,54078,1801,0,84,0,0,0
1682630402.549584,cpu,14886,0,2839,54187,1801,0,84,0,0,0
1682630403.049658,cpu,14946,0,2841,54323,1801,0,84,0,0,0
1682630403.549905,cpu,15042,0,2841,54426,1801,0,84,0,0,0
1682630404.049978,cpu,15102,0,2846,54562,1801,0,84,0,0,0
1682630404.550150,cpu,15199,0,2846,54666,1801,0,84,0,0,0
1682630405.050241,cpu,15252,0,2849,54807,1801,0,85,0,0,0
1682630405.550411,cpu,15349,0,2849,54911,1801,0,85,0,0,0
1682630406.050524,cpu,15402,0,2852,55053,1801,0,85,0,0,0
1682630406.550694,cpu,15498,0,2852,55157,1801,0,85,0,0,0
1682630407.050808,cpu,15547,0,2855,55301,1801,0,86,0,0,0
1682630407.551016,cpu,15644,0,2855,55405,1801,0,86,0,0,0
1682630408.051059,cpu,15697,0,2858,55546,1801,0,86,0,0,0
1682630408.551138,cpu,15796,0,2859,55645,1801,0,86,0,0,0
1682630409.051247,cpu,15848,0,2861,55789,1801,0,86,0,0,0
1682630409.551334,cpu,15943,0,2864,55892,1801,0,86,0,0,0
1682630410.051450,cpu,15993,0,2866,56039,1801,0,86,0,0,0
1682630410.551543,cpu,16084,0,2868,56145,1801,0,86,0,0,0
1682630411.051637,cpu,16138,0,2870,56288,1801,0,86,0,0,0
1682630411.551728,cpu,16226,0,2872,56397,1801,0,88,0,0,0
1682630412.051841,cpu,16286,0,2874,56533,1801,0,88,0,0,0
1682630412.551927,cpu,16372,0,2875,56645,1801,0,88,0,0,0
1682630413.052034,cpu,16435,0,2876,56780,1801,0,88,0,0,0
1682630413.552123,cpu,16518,0,2879,56893,1801,0,88,0,0,0
1682630414.052227,cpu,16576,0,2881,57032,1801,0,89,0,0,0
1682630414.552331,cpu,16660,0,2884,57146,1801,0,90,0,0,0
1682630415.052587,cpu,16720,0,2888,57283,1801,0,90,0,0,0
1682630415.552678,cpu,16800,0,2891,57399,1801,0,90,0,0,0
1682630416.052767,cpu,16872,0,2892,57527,1801,0,90,0,0,0
1682630416.552856,cpu,16948,0,2896,57646,1801,0,91,0,0,0
1682630417.052951,cpu,17022,0,2897,57772,1801,0,91,0,0,0
1682630417.553041,cpu,17098,0,2898,57894,1801,0,91,0,0,0
1682630418.053582,cpu,17099,0,2900,58091,1801,0,91,0,0,0
1682630418.553386,cpu,17172,0,2901,58218,1801,0,91,0,0,0
1682630419.053443,cpu,17240,0,2903,58346,1801,0,91,0,0,0
1682630419.553509,cpu,17240,0,2904,58544,1801,0,92,0,0,0
1682630420.053553,cpu,17240,0,2904,58743,1801,0,92,0,0,0
1682630420.553747,cpu,17302,0,2909,58876,1801,0,92,0,0,0
1682630421.053820,cpu,17386,0,2913,58988,1801,0,92,0,0,0
1682630421.553980,cpu,17453,0,2914,59117,1801,0,93,0,0,0
1682630422.054040,cpu,17530,0,2917,59236,1801,0,94,0,0,0
1682630422.554159,cpu,17602,0,2919,59362,1801,0,94,0,0,0
1682630423.054241,cpu,17677,0,2921,59483,1801,0,95,0,0,0
1682630423.554408,cpu,17744,0,2924,59615,1801,0,95,0,0,0
1682630424.054445,cpu,17820,0,2926,59735,1801,0,96,0,0,0
1682630424.554598,cpu,17884,0,2928,59869,1801,0,96,0,0,0
1682630425.054657,cpu,17959,0,2932,59988,1801,0,96,0,0,0
1682630425.554790,cpu,18028,0,2938,60114,1801,0,96,0,0,0
1682630426.054847,cpu,18106,0,2941,60232,1801,0,96,0,0,0
1682630426.554997,cpu,18176,0,2943,60359,1801,0,96,0,0,0
1682630427.055061,cpu,18250,0,2947,60479,1801,0,96,0,0,0
1682630427.555197,cpu,18314,0,2951,60610,1801,0,96,0,0,0
1682630428.055264,cpu,18391,0,2953,60730,1801,0,96,0,0,0
1682630428.555518,cpu,18458,0,2954,60861,1801,0,96,0,0,0
1682630429.055454,cpu,18533,0,2958,60983,1801,0,96,0,0,0
1682630429.555600,cpu,18610,0,2961,61102,1801,0,96,0,0,0
1682630430.055661,cpu,18693,0,2964,61216,1801,0,97,0,0,0
1682630430.555787,cpu,18758,0,2965,61348,1801,0,97,0,0,0
1682630431.055863,cpu,18837,0,2969,61464,1801,0,98,0,0,0
1682630431.556004,cpu,18898,0,2973,61598,1801,0,98,0,0,0
1682630432.056048,cpu,18978,0,2976,61714,1801,0,98,0,0,0
1682630432.556178,cpu,19046,0,2978,61844,1801,0,98,0,0,0
1682630433.056249,cpu,19123,0,2982,61961,1801,0,98,0,0,0
1682630433.556417,cpu,19194,0,2986,62087,1801,0,98,0,0,0
1682630434.056401,cpu,19272,0,2990,62206,1801,0,99,0,0,0
1682630434.556601,cpu,19336,0,2992,62339,1801,0,99,0,0,0
1682630435.056658,cpu,19413,0,2994,62458,1801,0,100,0,0,0
1682630435.556802,cpu,19476,0,2996,62592,1801,0,100,0,0,0
1682630436.056860,cpu,19553,0,3000,62709,1801,0,101,0,0,0
1682630436.556990,cpu,19624,0,3004,62833,1801,0,101,0,0,0
1682630437.057048,cpu,19700,0,3006,62954,1801,0,101,0,0,0
1682630437.557174,cpu,19770,0,3008,63081,1801,0,101,0,0,0
1682630438.057234,cpu,19846,0,3010,63201,1801,0,101,0,0,0
1682630438.557374,cpu,19910,0,3012,63334,1801,0,101,0,0,0
1682630439.057438,cpu,19986,0,3014,63454,1801,0,102,0,0,0
1682630439.557620,cpu,20052,0,3016,63586,1801,0,102,0,0,0
1682630440.057665,cpu,20127,0,3020,63706,1801,0,102,0,0,0
1682630440.557809,cpu,20206,0,3020,63824,1801,0,102,0,0,0
1682630441.057862,cpu,20285,0,3022,63942,1801,0,102,0,0,0
1682630441.558030,cpu,20355,0,3023,64070,1801,0,102,0,0,0
1682630442.058087,cpu,20432,0,3025,64190,1801,0,102,0,0,0
1682630442.558251,cpu,20496,0,3028,64322,1801,0,102,0,0,0
1682630443.058395,cpu,20572,0,3031,64441,1801,0,104,0,0,0
1682630443.558423,cpu,20641,0,3033,64570,1802,0,104,0,0,0
1682630444.058724,cpu,20712,0,3038,64693,1802,0,104,0,0,0
1682630444.558678,cpu,20790,0,3040,64814,1802,0,104,0,0,0
1682630445.058872,cpu,20862,0,3041,64938,1802,0,105,0,0,0
1682630445.558951,cpu,20937,0,3043,65061,1802,0,105,0,0,0
1682630446.059725,cpu,21012,0,3046,65181,1802,0,105,0,0,0
1682630446.559500,cpu,21085,0,3048,65306,1802,0,105,0,0,0
1682630447.059572,cpu,21155,0,3052,65432,1802,0,105,0,0,0
1682630447.559837,cpu,21228,0,3053,65557,1802,0,105,0,0,0
1682630448.059934,cpu,21304,0,3055,65677,1802,0,105,0,0,0
1682630448.560109,cpu,21390,0,3056,65791,1802,0,105,0,0,0
1682630449.060175,cpu,21452,0,3058,65925,1802,0,105,0,0,0
1682630449.560510,cpu,21534,0,3060,66042,1802,0,105,0,0,0
1682630450.060477,cpu,21599,0,3065,66172,1802,0,105,0,0,0
1682630450.560575,cpu,21686,0,3065,66284,1802,0,105,0,0,0
1682630451.060642,cpu,21743,0,3068,66422,1802,0,106,0,0,0
1682630451.560841,cpu,21838,0,3068,66526,1802,0,106,0,0,0
1682630452.060896,cpu,21888,0,3071,66671,1802,0,107,0,0,0
1682630452.561095,cpu,21977,0,3071,66781,1802,0,107,0,0,0
1682630453.061553,cpu,22030,0,3075,66923,1802,0,108,0,0,0
1682630453.561601,cpu,22111,0,3076,67041,1802,0,108,0,0,0
1682630454.061668,cpu,22178,0,3079,67170,1802,0,109,0,0,0
1682630454.561872,cpu,22253,0,3080,67295,1802,0,109,0,0,0
1682630455.062356,cpu,22321,0,3085,67421,1802,0,110,0,0,0
1682630455.562362,cpu,22397,0,3086,67543,1802,0,110,0,0,0
1682630456.062574,cpu,22463,0,3088,67672,1802,0,110,0,0,0
1682630456.563181,cpu,22541,0,3088,67793,1802,0,110,0,0,0
1682630457.063401,cpu,22612,0,3090,67919,1802,0,110,0,0,0
1682630457.564023,cpu,22690,0,3092,68040,1802,0,110,0,0,0
1682630458.063911,cpu,22764,0,3096,68160,1802,0,111,0,0,0
1682630458.563870,cpu,22843,0,3096,68281,1802,0,111,0,0,0
1682630459.063920,cpu,22909,0,3099,68412,1802,0,111,0,0,0
1682630459.564415,cpu,22991,0,3100,68530,1802,0,111,0,0,0
1682630460.064294,cpu,23057,0,3103,68656,1802,0,112,0,0,0
1682630460.564519,cpu,23147,0,3104,68766,1803,0,112,0,0,0
1682630461.064595,cpu,23203,0,3110,68903,1803,0,112,0,0,0
1682630461.564782,cpu,23288,0,3111,69018,1803,0,112,0,0,0
1682630462.064831,cpu,23350,0,3116,69150,1803,0,112,0,0,0
1682630462.565043,cpu,23441,0,3116,69259,1803,0,112,0,0,0
1682630463.068600,cpu,23495,0,3119,69401,1803,0,113,0,0,0
1682630463.565310,cpu,23589,0,3119,69506,1803,0,113,0,0,0
1682630464.065360,cpu,23650,0,3122,69640,1803,0,113,0,0,0
1682630464.565553,cpu,23747,0,3123,69744,1803,0,113,0,0,0
1682630465.065675,cpu,23802,0,3128,69883,1803,0,114,0,0,0
1682630465.565824,cpu,23897,0,3128,69987,1803,0,114,0,0,0
1682630466.065905,cpu,23958,0,3132,70121,1803,0,114,0,0,0
1682630466.566056,cpu,24056,0,3132,70221,1803,0,114,0,0,0
1682630467.066142,cpu,24103,0,3138,70368,1803,0,117,0,0,0
1682630467.566214,cpu,24202,0,3140,70468,1803,0,117,0,0,0
1682630468.066320,cpu,24256,0,3142,70610,1803,0,118,0,0,0
1682630468.566403,cpu,24350,0,3144,70714,1803,0,118,0,0,0
1682630469.066526,cpu,24408,0,3145,70855,1803,0,118,0,0,0
1682630469.566607,cpu,24500,0,3146,70961,1803,0,118,0,0,0
1682630470.066732,cpu,24555,0,3147,71104,1803,0,118,0,0,0
1682630470.566813,cpu,24642,0,3150,71213,1803,0,119,0,0,0
1682630471.067008,cpu,24698,0,3152,71352,1803,0,119,0,0,0
1682630471.567031,cpu,24785,0,3154,71463,1803,0,119,0,0,0
1682630472.067123,cpu,24848,0,3156,71596,1803,0,119,0,0,0
1682630472.567207,cpu,24932,0,3157,71710,1804,0,119,0,0,0
1682630473.067320,cpu,24999,0,3158,71840,1804,0,119,0,0,0
1682630473.567945,cpu,25080,0,3160,71956,1804,0,120,0,0,0
1682630474.067509,cpu,25142,0,3161,72092,1804,0,120,0,0,0
1682630474.567707,cpu,25223,0,3164,72207,1804,0,121,0,0,0
1682630475.067795,cpu,25286,0,3169,72340,1804,0,121,0,0,0
1682630475.567878,cpu,25369,0,3171,72452,1804,0,122,0,0,0
1682630476.067991,cpu,25438,0,3172,72582,1804,0,122,0,0,0
1682630476.568075,cpu,25522,0,3176,72695,1804,0,122,0,0,0
1682630477.068171,cpu,25587,0,3178,72829,1804,0,122,0,0,0
1682630477.568264,cpu,25670,0,3180,72943,1804,0,123,0,0,0
1682630478.068762,cpu,25690,0,3182,73120,1804,0,124,0,0,0
1682630478.568835,cpu,25786,0,3182,73224,1804,0,124,0,0,0
1682630479.068854,cpu,25813,0,3184,73393,1804,0,124,0,0,0
1682630479.568988,cpu,25836,0,3186,73568,1804,0,124,0,0,0
1682630480.069169,cpu,25920,0,3186,73682,1804,0,124,0,0,0
1682630480.569232,cpu,25960,0,3188,73839,1804,0,124,0,0,0
1682630481.069385,cpu,25985,0,3189,74012,1804,0,124,0,0,0
1682630481.569614,cpu,26080,0,3190,74116,1804,0,124,0,0,0
1682630482.069649,cpu,26127,0,3198,74259,1804,0,125,0,0,0
1682630482.569834,cpu,26220,0,3198,74366,1804,0,125,0,0,0
1682630483.069948,cpu,26280,0,3202,74501,1804,0,127,0,0,0
1682630483.570120,cpu,26374,0,3203,74605,1805,0,127,0,0,0
1682630484.070250,cpu,26417,0,3208,74754,1805,0,128,0,0,0
1682630484.570533,cpu,26512,0,3209,74858,1805,0,128,0,0,0
1682630485.070606,cpu,26566,0,3213,74997,1805,0,129,0,0,0
1682630485.570782,cpu,26662,0,3213,75102,1805,0,129,0,0,0
1682630486.070831,cpu,26708,0,3222,75246,1805,0,129,0,0,0
1682630486.571044,cpu,26802,0,3222,75350,1805,0,129,0,0,0
1682630487.071541,cpu,26854,0,3224,75494,1805,0,130,0,0,0
1682630487.571571,cpu,26948,0,3225,75599,1805,0,130,0,0,0
1682630488.071662,cpu,26990,0,3232,75749,1805,0,130,0,0,0
1682630488.571840,cpu,27073,0,3232,75864,1805,0,130,0,0,0
1682630489.071930,cpu,27140,0,3235,75992,1805,0,130,0,0,0
1682630489.572129,cpu,27227,0,3236,76104,1805,0,130,0,0,0
1682630490.072214,cpu,27287,0,3244,76234,1805,0,130,0,0,0
1682630490.572628,cpu,27370,0,3244,76350,1805,0,130,0,0,0
1682630491.072591,cpu,27430,0,3247,76485,1805,0,130,0,0,0
1682630491.572891,cpu,27518,0,3247,76597,1805,0,130,0,0,0
1682630492.072872,cpu,27574,0,3251,76736,1805,0,131,0,0,0
1682630492.573263,cpu,27663,0,3251,76846,1805,0,131,0,0,0
1682630493.073368,cpu,27720,0,3257,76984,1805,0,131,0,0,0
1682630493.573562,cpu,27816,0,3257,77088,1805,0,131,0,0,0
1682630494.073593,cpu,27872,0,3260,77225,1805,0,131,0,0,0
1682630494.573837,cpu,27959,0,3261,77338,1806,0,131,0,0,0
1682630495.074054,cpu,28017,0,3264,77474,1806,0,131,0,0,0
1682630495.574331,cpu,28111,0,3266,77578,1806,0,131,0,0,0
1682630496.074434,cpu,28163,0,3269,77720,1806,0,132,0,0,0
1682630496.574608,cpu,28258,0,3269,77824,1806,0,132,0,0,0
1682630497.074575,cpu,28313,0,3273,77963,1806,0,132,0,0,0
1682630497.574771,cpu,28408,0,3273,78066,1806,0,132,0,0,0
1682630498.074967,cpu,28464,0,3275,78206,1806,0,133,0,0,0
1682630498.575173,cpu,28559,0,3276,78309,1806,0,133,0,0,0
1682630499.075180,cpu,28596,0,3284,78463,1806,0,134,0,0,0
1682630499.575422,cpu,28690,0,3285,78567,1806,0,134,0,0,0
1682630500.075452,cpu,28754,0,3288,78698,1806,0,134,0,0,0
1682630500.575845,cpu,28848,0,3289,78802,1806,0,134,0,0,0
1682630501.075712,cpu,28890,0,3296,78952,1806,0,136,0,0,0
1682630501.575991,cpu,28983,0,3296,79059,1806,0,136,0,0,0
1682630502.075950,cpu,29038,0,3298,79199,1806,0,136,0,0,0
1682630502.576226,cpu,29133,0,3298,79303,1806,0,136,0,0,0
1682630503.076270,cpu,29188,0,3300,79443,1806,0,136,0,0,0
1682630503.576606,cpu,29286,0,3301,79547,1806,0,136,0,0,0
1682630504.076554,cpu,29350,0,3304,79677,1806,0,137,0,0,0
1682630504.576787,cpu,29446,0,3304,79781,1806,0,137,0,0,0
1682630505.076847,cpu,29497,0,3307,79923,1806,0,138,0,0,0
1682630505.577141,cpu,29594,0,3307,80027,1806,0,138,0,0,0
1682630506.077204,cpu,29642,0,3311,80172,1806,0,138,0,0,0
1682630506.577278,cpu,29740,0,3313,80273,1806,0,138,0,0,0
1682630507.077408,cpu,29792,0,3314,80417,1806,0,139,0,0,0
1682630507.577708,cpu,29888,0,3315,80521,1806,0,139,0,0,0
1682630508.077615,cpu,29941,0,3318,80663,1806,0,139,0,0,0
1682630508.577615,cpu,30032,0,3320,80769,1806,0,139,0,0,0
1682630509.077723,cpu,30083,0,3322,80914,1806,0,139,0,0,0
1682630509.577965,cpu,30172,0,3324,81021,1806,0,139,0,0,0
1682630510.077920,cpu,30228,0,3326,81163,1806,0,139,0,0,0
1682630510.578004,cpu,30314,0,3328,81274,1806,0,140,0,0,0
1682630511.078117,cpu,30375,0,3330,81411,1806,0,142,0,0,0
1682630511.578201,cpu,30459,0,3333,81523,1807,0,142,0,0,0
1682630512.078317,cpu,30523,0,3335,81657,1807,0,142,0,0,0
1682630512.578399,cpu,30606,0,3337,81771,1807,0,142,0,0,0
1682630513.078514,cpu,30668,0,3337,81908,1807,0,142,0,0,0
1682630513.578593,cpu,30748,0,3340,82024,1807,0,143,0,0,0
1682630514.078716,cpu,30812,0,3341,82158,1807,0,143,0,0,0
1682630514.578793,cpu,30889,0,3344,82278,1807,0,143,0,0,0
1682630515.078904,cpu,30962,0,3344,82402,1807,0,143,0,0,0
1682630515.578981,cpu,31037,0,3346,82523,1807,0,145,0,0,0
1682630516.079103,cpu,31114,0,3348,82643,1807,0,145,0,0,0
1682630516.579184,cpu,31186,0,3351,82767,1807,0,146,0,0,0
1682630517.079297,cpu,31254,0,3353,82898,1807,0,146,0,0,0
1682630517.579375,cpu,31325,0,3358,83021,1807,0,146,0,0,0
1682630518.079485,cpu,31395,0,3362,83146,1807,0,146,0,0,0
1682630518.579559,cpu,31467,0,3366,83270,1807,0,147,0,0,0
1682630519.079672,cpu,31542,0,3367,83392,1807,0,147,0,0,0
1682630519.579758,cpu,31616,0,3372,83514,1807,0,148,0,0,0
1682630520.079870,cpu,31690,0,3377,83633,1807,0,148,0,0,0
1682630520.579952,cpu,31764,0,3381,83755,1807,0,148,0,0,0
1682630521.080044,cpu,31834,0,3383,83883,1807,0,148,0,0,0
1682630521.580134,cpu,31905,0,3387,84006,1807,0,148,0,0,0
1682630522.080236,cpu,31973,0,3392,84134,1807,0,148,0,0,0
1682630522.580343,cpu,32048,0,3396,84255,1807,0,150,0,0,0
1682630523.080455,cpu,32119,0,3397,84382,1807,0,150,0,0,0
1682630523.580607,cpu,32193,0,3402,84505,1807,0,151,0,0,0
1682630524.080734,cpu,32268,0,3402,84630,1807,0,151,0,0,0
1682630524.580789,cpu,32340,0,3405,84753,1807,0,151,0,0,0
1682630525.080956,cpu,32412,0,3407,84880,1807,0,151,0,0,0
1682630525.580987,cpu,32489,0,3409,84998,1807,0,152,0,0,0
1682630526.081128,cpu,32557,0,3410,85129,1807,0,152,0,0,0
1682630526.581176,cpu,32632,0,3415,85250,1807,0,152,0,0,0
1682630527.081265,cpu,32699,0,3417,85379,1808,0,152,0,0,0
1682630527.581477,cpu,32776,0,3422,85497,1808,0,153,0,0,0
1682630528.081602,cpu,32842,0,3426,85627,1808,0,153,0,0,0
1682630528.581659,cpu,32924,0,3427,85742,1808,0,154,0,0,0
1682630529.081769,cpu,32987,0,3429,85876,1808,0,154,0,0,0
1682630529.581949,cpu,33070,0,3430,85991,1808,0,154,0,0,0
1682630530.081984,cpu,33150,0,3439,86100,1810,0,154,0,0,0
1682630530.582049,cpu,33241,0,3441,86206,1810,0,155,0,0,0
1682630531.082179,cpu,33292,0,3448,86349,1810,0,156,0,0,0
1682630531.582246,cpu,33383,0,3448,86456,1810,0,156,0,0,0
1682630532.082286,cpu,33441,0,3450,86592,1811,0,156,0,0,0
1682630532.582455,cpu,33531,0,3454,86699,1811,0,157,0,0,0
1682630533.082570,cpu,33589,0,3457,86836,1811,0,158,0,0,0
1682630533.582641,cpu,33682,0,3459,86940,1811,0,158,0,0,0
1682630534.082763,cpu,33734,0,3461,87085,1811,0,158,0,0,0
1682630534.582838,cpu,33824,0,3463,87192,1811,0,158,0,0,0
1682630535.082963,cpu,33876,0,3466,87335,1811,0,158,0,0,0
1682630535.583047,cpu,33964,0,3468,87444,1811,0,158,0,0,0
1682630536.083162,cpu,34032,0,3470,87574,1811,0,159,0,0,0
1682630536.583233,cpu,34121,0,3471,87682,1811,0,159,0,0,0
1682630537.083336,cpu,34178,0,3474,87820,1811,0,159,0,0,0
1682630537.583431,cpu,34266,0,3475,87930,1811,0,159,0,0,0
1682630538.083504,cpu,34266,0,3476,88127,1811,0,159,0,0,0
1682630538.583573,cpu,34266,0,3476,88327,1811,0,159,0,0,0
1682630539.083713,cpu,34324,0,3477,88466,1811,0,159,0,0,0
1682630539.583776,cpu,34409,0,3479,88579,1811,0,160,0,0,0
1682630540.083766,cpu,34409,0,3479,88778,1811,0,160,0,0,0
1682630540.583918,cpu,34428,0,3481,88954,1811,0,160,0,0,0
1682630541.084262,cpu,34516,0,3483,89064,1811,0,160,0,0,0
1682630541.584389,cpu,34579,0,3488,89197,1811,0,160,0,0,0
1682630542.084585,cpu,34673,0,3489,89301,1811,0,160,0,0,0
1682630542.584633,cpu,34723,0,3495,89444,1811,0,160,0,0,0
1682630543.084832,cpu,34817,0,3496,89550,1811,0,160,0,0,0
1682630543.584920,cpu,34865,0,3498,89697,1811,0,160,0,0,0
1682630544.085324,cpu,34958,0,3500,89802,1811,0,160,0,0,0
1682630544.585154,cpu,35007,0,3506,89947,1811,0,162,0,0,0
1682630545.085489,cpu,35100,0,3507,90053,1811,0,162,0,0,0
1682630545.585423,cpu,35162,0,3511,90186,1811,0,162,0,0,0
1682630546.085688,cpu,35256,0,3513,90290,1811,0,162,0,0,0
1682630546.586235,cpu,35304,0,3520,90434,1811,0,163,0,0,0
1682630547.086102,cpu,35399,0,3520,90538,1811,0,163,0,0,0
1682630547.586156,cpu,35452,0,3524,90680,1811,0,164,0,0,0
1682630548.086357,cpu,35547,0,3524,90785,1811,0,164,0,0,0
1682630548.586409,cpu,35595,0,3533,90928,1811,0,164,0,0,0
1682630549.086625,cpu,35692,0,3533,91032,1811,0,164,0,0,0
1682630549.586684,cpu,35758,0,3537,91160,1811,0,164,0,0,0
1682630550.087338,cpu,35858,0,3537,91261,1811,0,164,0,0,0
1682630550.587258,cpu,35904,0,3544,91406,1811,0,166,0,0,0
1682630551.087520,cpu,35999,0,3544,91510,1811,0,166,0,0,0
1682630551.587541,cpu,36047,0,3550,91657,1811,0,166,0,0,0
1682630552.087721,cpu,36147,0,3550,91757,1811,0,166,0,0,0
1682630552.587996,cpu,36186,0,3560,91908,1812,0,166,0,0,0
1682630553.088216,cpu,36282,0,3560,92012,1812,0,166,0,0,0
1682630553.588276,cpu,36337,0,3562,92152,1812,0,166,0,0,0
1682630554.088365,cpu,36437,0,3564,92251,1812,0,166,0,0,0
1682630554.588464,cpu,36488,0,3566,92397,1812,0,168,0,0,0
1682630555.088535,cpu,36585,0,3568,92498,1812,0,168,0,0,0
1682630555.588656,cpu,36628,0,3574,92648,1812,0,168,0,0,0
1682630556.088732,cpu,36724,0,3575,92750,1812,0,168,0,0,0
1682630556.588873,cpu,36772,0,3577,92898,1812,0,169,0,0,0
1682630557.088950,cpu,36865,0,3578,93001,1812,0,169,0,0,0
1682630557.589066,cpu,36920,0,3580,93141,1812,0,169,0,0,0
1682630558.089261,cpu,37012,0,3581,93247,1812,0,169,0,0,0
1682630558.589199,cpu,37067,0,3582,93388,1812,0,169,0,0,0
1682630559.089569,cpu,37156,0,3583,93496,1812,0,170,0,0,0
1682630559.589604,cpu,37208,0,3585,93640,1812,0,170,0,0,0
1682630560.089644,cpu,37300,0,3586,93745,1812,0,170,0,0,0
1682630560.589800,cpu,37348,0,3592,93891,1812,0,171,0,0,0
1682630561.090162,cpu,37444,0,3593,93992,1812,0,171,0,0,0
1682630561.590050,cpu,37498,0,3595,94135,1812,0,173,0,0,0
1682630562.090117,cpu,37592,0,3597,94240,1812,0,173,0,0,0
1682630562.590238,cpu,37644,0,3600,94384,1812,0,173,0,0,0
1682630563.090314,cpu,37736,0,3602,94489,1812,0,173,0,0,0
1682630563.590425,cpu,37788,0,3605,94633,1812,0,173,0,0,0
1682630564.090506,cpu,37876,0,3608,94742,1812,0,173,0,0,0
1682630564.590637,cpu,37940,0,3609,94875,1812,0,173,0,0,0
1682630565.090821,cpu,38025,0,3612,94986,1812,0,173,0,0,0
1682630565.590942,cpu,38084,0,3614,95124,1812,0,173,0,0,0
1682630566.091017,cpu,38173,0,3617,95232,1812,0,174,0,0,0
1682630566.591133,cpu,38222,0,3623,95376,1812,0,174,0,0,0
1682630567.091207,cpu,38313,0,3627,95483,1812,0,174,0,0,0
1682630567.591357,cpu,38361,0,3628,95631,1812,0,174,0,0,0
1682630568.091403,cpu,38456,0,3630,95735,1812,0,174,0,0,0
1682630568.591528,cpu,38509,0,3631,95878,1812,0,175,0,0,0
1682630569.091603,cpu,38600,0,3634,95984,1812,0,175,0,0,0
1682630569.591715,cpu,38654,0,3636,96126,1813,0,176,0,0,0
1682630570.091794,cpu,38745,0,3637,96232,1813,0,176,0,0,0
1682630570.591928,cpu,38797,0,3639,96374,1813,0,176,0,0,0
1682630571.092007,cpu,38893,0,3640,96477,1813,0,176,0,0,0
1682630571.592141,cpu,38943,0,3641,96625,1813,0,176,0,0,0
1682630572.092207,cpu,39036,0,3642,96730,1813,0,176,0,0,0
1682630572.592339,cpu,39094,0,3643,96869,1813,0,177,0,0,0
1682630573.092517,cpu,39184,0,3645,96976,1813,0,177,0,0,0
1682630573.592464,cpu,39245,0,3646,97114,1813,0,177,0,0,0
1682630574.092539,cpu,39334,0,3648,97222,1813,0,178,0,0,0
1682630574.592674,cpu,39389,0,3650,97363,1813,0,178,0,0,0
1682630575.092752,cpu,39477,0,3653,97472,1813,0,178,0,0,0
1682630575.592860,cpu,39536,0,3654,97609,1813,0,178,0,0,0
1682630576.092947,cpu,39624,0,3655,97718,1813,0,179,0,0,0
1682630576.593077,cpu,39682,0,3658,97855,1813,0,180,0,0,0
1682630577.093156,cpu,39770,0,3660,97964,1813,0,180,0,0,0
1682630577.593283,cpu,39829,0,3662,98102,1813,0,180,0,0,0
1682630578.093358,cpu,39915,0,3663,98214,1813,0,181,0,0,0
1682630578.593467,cpu,39973,0,3664,98353,1813,0,181,0,0,0
1682630579.093549,cpu,40056,0,3666,98467,1813,0,182,0,0,0
1682630579.593681,cpu,40118,0,3668,98603,1813,0,182,0,0,0
1682630580.093758,cpu,40200,0,3671,98718,1813,0,184,0,0,0
1682630580.593975,cpu,40260,0,3676,98853,1813,0,184,0,0,0
1682630581.094215,cpu,40344,0,3678,98965,1813,0,184,0,0,0
1682630581.594173,cpu,40412,0,3680,99096,1813,0,184,0,0,0
1682630582.094232,cpu,40492,0,3682,99211,1813,0,184,0,0,0
1682630582.594363,cpu,40559,0,3686,99340,1813,0,184,0,0,0
1682630583.094420,cpu,40638,0,3688,99457,1813,0,186,0,0,0
1682630583.594623,cpu,40702,0,3689,99590,1813,0,186,0,0,0
1682630584.094616,cpu,40780,0,3691,99708,1813,0,186,0,0,0
1682630584.594753,cpu,40851,0,3691,99835,1813,0,186,0,0,0
1682630585.094805,cpu,40928,0,3696,99954,1813,0,187,0,0,0
1682630585.594968,cpu,41002,0,3696,100079,1813,0,187,0,0,0
1682630586.095018,cpu,41076,0,3700,100201,1813,0,187,0,0,0
1682630586.595143,cpu,41145,0,3705,100327,1813,0,187,0,0,0
1682630587.097754,cpu,41220,0,3707,100449,1813,0,188,0,0,0
1682630587.595303,cpu,41290,0,3709,100575,1813,0,188,0,0,0
1682630588.095385,cpu,41365,0,3712,100698,1813,0,188,0,0,0
1682630588.595548,cpu,41438,0,3713,100824,1813,0,188,0,0,0
1682630589.095585,cpu,41509,0,3716,100950,1813,0,188,0,0,0
1682630589.595790,cpu,41580,0,3725,101070,1813,0,188,0,0,0
1682630590.095843,cpu,41654,0,3727,101191,1813,0,190,0,0,0
1682630590.595995,cpu,41721,0,3733,101317,1813,0,190,0,0,0
1682630591.096045,cpu,41796,0,3735,101439,1813,0,191,0,0,0
1682630591.596245,cpu,41863,0,3742,101564,1813,0,191,0,0,0
1682630592.096254,cpu,41937,0,3746,101686,1813,0,191,0,0,0
1682630592.596421,cpu,42010,0,3749,101809,1814,0,191,0,0,0
1682630593.096391,cpu,42085,0,3753,101930,1814,0,192,0,0,0
1682630593.596617,cpu,42160,0,3754,102055,1814,0,192,0,0,0
1682630594.096662,cpu,42235,0,3756,102177,1814,0,192,0,0,0
1682630594.596811,cpu,42310,0,3757,102301,1814,0,192,0,0,0
1682630595.096868,cpu,42380,0,3761,102426,1814,0,192,0,0,0
1682630595.597009,cpu,42448,0,3762,102555,1814,0,192,0,0,0
1682630596.097067,cpu,42518,0,3765,102680,1814,0,193,0,0,0
1682630596.597226,cpu,42585,0,3768,102809,1814,0,193,0,0,0
1682630597.097254,cpu,42655,0,3770,102935,1814,0,193,0,0,0
1682630597.597341,cpu,42655,0,3772,103132,1814,0,194,0,0,0
1682630598.097466,cpu,42708,0,3775,103276,1814,0,194,0,0,0
1682630598.597547,cpu,42801,0,3776,103381,1814,0,194,0,0,0
1682630599.097610,cpu,42801,0,3777,103579,1814,0,194,0,0,0
1682630599.597799,cpu,42856,0,3779,103720,1814,0,194,0,0,0
1682630600.097825,cpu,42944,0,3781,103829,1814,0,194,0,0,0
1682630600.597892,cpu,42944,0,3782,104027,1814,0,195,0,0,0
1682630601.098051,cpu,42963,0,3787,104202,1814,0,195,0,0,0
1682630601.598487,cpu,43049,0,3788,104314,1814,0,195,0,0,0
1682630602.098476,cpu,43106,0,3792,104451,1814,0,196,0,0,0
1682630602.598702,cpu,43202,0,3793,104554,1814,0,196,0,0,0
1682630603.099129,cpu,43254,0,3798,104697,1814,0,196,0,0,0
1682630603.599202,cpu,43351,0,3798,104801,1814,0,196,0,0,0
1682630604.099256,cpu,43408,0,3802,104939,1814,0,196,0,0,0
1682630604.599488,cpu,43503,0,3802,105042,1814,0,196,0,0,0
1682630605.099680,cpu,43542,0,3805,105197,1814,0,196,0,0,0
1682630605.599845,cpu,43638,0,3806,105301,1814,0,196,0,0,0
1682630606.099993,cpu,43685,0,3809,105448,1814,0,197,0,0,0
1682630606.600023,cpu,43780,0,3809,105552,1814,0,197,0,0,0
1682630607.100202,cpu,43826,0,3813,105700,1814,0,198,0,0,0
1682630607.600383,cpu,43918,0,3814,105807,1814,0,198,0,0,0
1682630608.100453,cpu,43974,0,3818,105945,1815,0,199,0,0,0
1682630608.600614,cpu,44064,0,3819,106054,1815,0,199,0,0,0
1682630609.100716,cpu,44116,0,3826,106191,1815,0,200,0,0,0
1682630609.600899,cpu,44203,0,3826,106304,1815,0,200,0,0,0
1682630610.100980,cpu,44258,0,3830,106442,1815,0,200,0,0,0
1682630610.601150,cpu,44348,0,3830,106550,1815,0,200,0,0,0
1682630611.101274,cpu,44396,0,3838,106692,1815,0,200,0,0,0
1682630611.601433,cpu,44482,0,3838,106806,1815,0,200,0,0,0
1682630612.101542,cpu,44548,0,3840,106935,1815,0,200,0,0,0
1682630612.601706,cpu,44634,0,3841,107048,1815,0,200,0,0,0
1682630613.101976,cpu,44690,0,3849,107180,1817,0,202,0,0,0
1682630613.602105,cpu,44765,0,3849,107304,1817,0,202,0,0,0
1682630614.102154,cpu,44834,0,3854,107429,1817,0,202,0,0,0
1682630614.602332,cpu,44916,0,3854,107545,1817,0,202,0,0,0
1682630615.102436,cpu,44974,0,3860,107679,1817,0,203,0,0,0
1682630615.602617,cpu,45052,0,3861,107800,1817,0,203,0,0,0
1682630616.102736,cpu,45122,0,3864,107925,1817,0,203,0,0,0
1682630616.602901,cpu,45204,0,3865,108039,1817,0,203,0,0,0
1682630617.103090,cpu,45257,0,3871,108177,1817,0,203,0,0,0
1682630617.603142,cpu,45327,0,3872,108305,1817,0,203,0,0,0
1682630618.103743,cpu,45401,0,3877,108421,1819,0,204,0,0,0
1682630618.603951,cpu,45473,0,3880,108544,1822,0,204,0,0,0
1682630619.104372,cpu,45538,0,3884,108675,1822,0,204,0,0,0
1682630619.604202,cpu,45608,0,3888,108801,1822,0,204,0,0,0
1682630620.104274,cpu,45679,0,3892,108925,1822,0,205,0,0,0
1682630620.604546,cpu,45755,0,3894,109047,1822,0,205,0,0,0
1682630621.104796,cpu,45830,0,3897,109169,1822,0,206,0,0,0
1682630621.604846,cpu,45900,0,3902,109294,1822,0,206,0,0,0
1682630622.104895,cpu,45970,0,3904,109421,1822,0,206,0,0,0
1682630622.605021,cpu,46040,0,3905,109548,1822,0,206,0,0,0
1682630623.105081,cpu,46112,0,3907,109670,1822,0,207,0,0,0
1682630623.605268,cpu,46176,0,3910,109801,1822,0,207,0,0,0
1682630624.105275,cpu,46253,0,3912,109920,1822,0,207,0,0,0
1682630624.605416,cpu,46325,0,3913,110047,1822,0,207,0,0,0
1682630625.105475,cpu,46402,0,3914,110167,1822,0,208,0,0,0
1682630625.605620,cpu,46479,0,3915,110287,1822,0,208,0,0,0
1682630626.105678,cpu,46560,0,3920,110404,1822,0,208,0,0,0
1682630626.605812,cpu,46624,0,3923,110536,1822,0,208,0,0,0
1682630627.105874,cpu,46703,0,3926,110653,1822,0,208,0,0,0
1682630627.606002,cpu,46764,0,3932,110786,1822,0,208,0,0,0
1682630628.106088,cpu,46846,0,3934,110900,1822,0,208,0,0,0
1682630628.606228,cpu,46909,0,3937,111033,1822,0,208,0,0,0
1682630629.106276,cpu,46988,0,3942,111148,1822,0,208,0,0,0
1682630629.606434,cpu,47059,0,3945,111273,1822,0,209,0,0,0
1682630630.106485,cpu,47144,0,3946,111386,1822,0,209,0,0,0
1682630630.606772,cpu,47206,0,3947,111522,1822,0,209,0,0,0
1682630631.106700,cpu,47290,0,3949,111635,1822,0,209,0,0,0
1682630631.606877,cpu,47347,0,3952,111774,1822,0,209,0,0,0
1682630632.106893,cpu,47428,0,3954,111889,1822,0,210,0,0,0
1682630632.607050,cpu,47493,0,3955,112023,1822,0,210,0,0,0
1682630633.107100,cpu,47569,0,3958,112142,1822,0,210,0,0,0
1682630633.607260,cpu,47643,0,3959,112266,1822,0,210,0,0,0
1682630634.107308,cpu,47720,0,3962,112386,1822,0,210,0,0,0
1682630634.607450,cpu,47792,0,3963,112511,1822,0,211,0,0,0
1682630635.107544,cpu,47867,0,3967,112631,1822,0,212,0,0,0
1682630635.607700,cpu,47934,0,3970,112760,1822,0,213,0,0,0
1682630636.107794,cpu,48008,0,3972,112882,1822,0,213,0,0,0
1682630636.607944,cpu,48079,0,3972,113010,1822,0,213,0,0,0
1682630637.108125,cpu,48151,0,3974,113133,1822,0,214,0,0,0
1682630637.608180,cpu,48228,0,3976,113254,1822,0,214,0,0,0
1682630638.108355,cpu,48307,0,3980,113371,1822,0,214,0,0,0
1682630638.608581,cpu,48386,0,3982,113491,1822,0,214,0,0,0
1682630639.108588,cpu,48455,0,3985,113617,1822,0,215,0,0,0
1682630639.608859,cpu,48538,0,3985,113733,1822,0,215,0,0,0
1682630640.108855,cpu,48602,0,3990,113863,1823,0,216,0,0,0
1682630640.609118,cpu,48699,0,3990,113966,1823,0,216,0,0,0
1682630641.109164,cpu,48756,0,3994,114103,1823,0,216,0,0,0
1682630641.609404,cpu,48852,0,3994,114207,1823,0,216,0,0,0
1682630642.109523,cpu,48916,0,3999,114337,1823,0,218,0,0,0
1682630642.609577,cpu,49012,0,3999,114441,1823,0,218,0,0,0
1682630643.110332,cpu,49058,0,4002,114590,1823,0,219,0,0,0
1682630643.610129,cpu,49153,0,4002,114694,1823,0,219,0,0,0
1682630644.110256,cpu,49200,0,4007,114840,1823,0,219,0,0,0
1682630644.610326,cpu,49300,0,4008,114939,1823,0,219,0,0,0
1682630645.112250,cpu,49343,0,4016,115087,1823,0,219,0,0,0
1682630645.610621,cpu,49442,0,4016,115186,1823,0,219,0,0,0
1682630646.110770,cpu,49486,0,4020,115335,1823,0,220,0,0,0
1682630646.610992,cpu,49582,0,4020,115439,1823,0,220,0,0,0
1682630647.111144,cpu,49613,0,4029,115598,1823,0,220,0,0,0
1682630647.611336,cpu,49708,0,4030,115702,1823,0,220,0,0,0
1682630648.111327,cpu,49756,0,4035,115847,1823,0,221,0,0,0
1682630648.611530,cpu,49851,0,4036,115951,1823,0,221,0,0,0
1682630649.111610,cpu,49890,0,4042,116103,1823,0,222,0,0,0
1682630649.611830,cpu,49984,0,4042,116209,1823,0,222,0,0,0
1682630650.111901,cpu,50033,0,4047,116355,1823,0,222,0,0,0
1682630650.612108,cpu,50115,0,4048,116473,1823,0,222,0,0,0
1682630651.112268,cpu,50176,0,4053,116606,1823,0,222,0,0,0
1682630651.612294,cpu,50240,0,4058,116738,1823,0,222,0,0,0
1682630652.112952,cpu,50310,0,4061,116865,1823,0,222,0,0,0
1682630652.612690,cpu,50380,0,4063,116991,1823,0,222,0,0,0
1682630653.112816,cpu,50448,0,4066,117118,1823,0,223,0,0,0
1682630653.612911,cpu,50523,0,4071,117237,1823,0,223,0,0,0
1682630654.112987,cpu,50596,0,4073,117360,1823,0,223,0,0,0
1682630654.613107,cpu,50668,0,4076,117485,1823,0,223,0,0,0
1682630655.113178,cpu,50741,0,4078,117607,1823,0,224,0,0,0
1682630655.613340,cpu,50809,0,4079,117737,1823,0,224,0,0,0
1682630656.113365,cpu,50884,0,4081,117859,1823,0,225,0,0,0
1682630656.613515,cpu,50960,0,4082,117982,1823,0,225,0,0,0
1682630657.113576,cpu,51038,0,4083,118101,1823,0,225,0,0,0
1682630657.613755,cpu,51051,0,4084,118284,1823,0,225,0,0,0
1682630658.114007,cpu,51132,0,4085,118402,1823,0,225,0,0,0
1682630658.613967,cpu,51184,0,4087,118547,1823,0,225,0,0,0
1682630659.114504,cpu,51185,0,4088,118744,1823,0,226,0,0,0
1682630659.614527,cpu,51260,0,4089,118866,1823,0,226,0,0,0
1682630660.114477,cpu,51329,0,4091,118994,1823,0,226,0,0,0
1682630660.614554,cpu,51329,0,4091,119192,1823,0,227,0,0,0
1682630661.114705,cpu,51396,0,4096,119318,1823,0,227,0,0,0
1682630661.615223,cpu,51480,0,4098,119429,1823,0,228,0,0,0
1682630662.114861,cpu,51540,0,4102,119563,1824,0,228,0,0,0
1682630662.614944,cpu,51626,0,4104,119672,1824,0,228,0,0,0
1682630663.115076,cpu,51676,0,4114,119812,1824,0,228,0,0,0
1682630663.615157,cpu,51771,0,4116,119915,1824,0,228,0,0,0
1682630664.115283,cpu,51821,0,4119,120060,1824,0,228,0,0,0
1682630664.615826,cpu,51917,0,4120,120162,1824,0,229,0,0,0
1682630665.115499,cpu,51959,0,4123,120315,1824,0,229,0,0,0
1682630665.615586,cpu,52059,0,4126,120414,1824,0,229,0,0,0
1682630666.115709,cpu,52102,0,4128,120565,1824,0,229,0,0,0
1682630666.615905,cpu,52198,0,4128,120668,1824,0,229,0,0,0
1682630667.115976,cpu,52247,0,4133,120812,1824,0,229,0,0,0
1682630667.616183,cpu,52342,0,4133,120916,1824,0,229,0,0,0
1682630668.116266,cpu,52391,0,4138,121061,1824,0,229,0,0,0
1682630668.616470,cpu,52488,0,4139,121164,1824,0,229,0,0,0
1682630669.116516,cpu,52516,0,4143,121329,1824,0,230,0,0,0
1682630669.616869,cpu,52611,0,4143,121434,1824,0,230,0,0,0
1682630670.116873,cpu,52654,0,4144,121585,1824,0,230,0,0,0
1682630670.617143,cpu,52735,0,4145,121704,1824,0,230,0,0,0
1682630671.117245,cpu,52802,0,4150,121833,1824,0,230,0,0,0
1682630671.617261,cpu,52883,0,4150,121952,1824,0,230,0,0,0
1682630672.117472,cpu,52949,0,4154,122080,1825,0,230,0,0,0
1682630672.617471,cpu,53026,0,4155,122201,1825,0,230,0,0,0
1682630673.117543,cpu,53096,0,4156,122327,1825,0,231,0,0,0
1682630673.617684,cpu,53168,0,4157,122454,1825,0,231,0,0,0
1682630674.117743,cpu,53238,0,4160,122579,1825,0,232,0,0,0
1682630674.617888,cpu,53306,0,4160,122708,1825,0,232,0,0,0
1682630675.117964,cpu,53382,0,4164,122828,1825,0,233,0,0,0
1682630675.618101,cpu,53451,0,4164,122957,1825,0,233,0,0,0
1682630676.118181,cpu,53531,0,4166,123073,1825,0,234,0,0,0
1682630676.618299,cpu,53598,0,4167,123205,1825,0,234,0,0,0
1682630677.118368,cpu,53677,0,4169,123322,1825,0,234,0,0,0
1682630677.618488,cpu,53735,0,4170,123459,1825,0,234,0,0,0
1682630678.118551,cpu,53818,0,4172,123572,1825,0,236,0,0,0
1682630678.618702,cpu,53876,0,4174,123710,1825,0,236,0,0,0
1682630679.118780,cpu,53959,0,4176,123824,1825,0,238,0,0,0
1682630679.618895,cpu,54034,0,4177,123947,1826,0,238,0,0,0
1682630680.118967,cpu,54123,0,4179,124056,1826,0,238,0,0,0
1682630680.619100,cpu,54180,0,4181,124196,1826,0,238,0,0,0
1682630681.119182,cpu,54267,0,4182,124306,1826,0,238,0,0,0
1682630681.619315,cpu,54323,0,4183,124447,1826,0,238,0,0,0
1682630682.119393,cpu,54411,0,4186,124555,1826,0,238,0,0,0
1682630682.619524,cpu,54455,0,4192,124703,1827,0,238,0,0,0
1682630683.119590,cpu,54550,0,4193,124806,1827,0,238,0,0,0
1682630683.619720,cpu,54600,0,4195,124951,1827,0,238,0,0,0
1682630684.119800,cpu,54698,0,4196,125052,1827,0,238,0,0,0
1682630684.619927,cpu,54746,0,4200,125201,1827,0,238,0,0,0
1682630685.120003,cpu,54845,0,4202,125300,1827,0,239,0,0,0
1682630685.620151,cpu,54886,0,4203,125456,1827,0,239,0,0,0
1682630686.120343,cpu,54982,0,4204,125559,1827,0,239,0,0,0
1682630686.620435,cpu,55024,0,4208,125714,1827,0,240,0,0,0
1682630687.120574,cpu,55108,0,4208,125829,1827,0,240,0,0,0
1682630687.620783,cpu,55156,0,4211,125975,1827,0,241,0,0,0
1682630688.120918,cpu,55252,0,4211,126079,1827,0,241,0,0,0
1682630688.621004,cpu,55300,0,4215,126227,1827,0,242,0,0,0
1682630689.121247,cpu,55390,0,4215,126337,1827,0,242,0,0,0
1682630689.621285,cpu,55442,0,4217,126480,1827,0,243,0,0,0
1682630690.121471,cpu,55530,0,4218,126590,1827,0,243,0,0,0
1682630690.621559,cpu,55582,0,4222,126733,1827,0,244,0,0,0
1682630691.121732,cpu,55671,0,4222,126843,1827,0,244,0,0,0
1682630691.621839,cpu,55724,0,4226,126983,1827,0,244,0,0,0
1682630692.122007,cpu,55797,0,4227,127109,1827,0,244,0,0,0
1682630692.622441,cpu,55864,0,4231,127236,1828,0,245,0,0,0
1682630693.122858,cpu,55939,0,4232,127359,1828,0,245,0,0,0
1682630693.623273,cpu,56003,0,4234,127491,1828,0,246,0,0,0
1682630694.123122,cpu,56075,0,4235,127617,1828,0,246,0,0,0
1682630694.623194,cpu,56144,0,4237,127744,1828,0,247,0,0,0
1682630695.123319,cpu,56217,0,4238,127871,1828,0,247,0,0,0
1682630695.623795,cpu,56288,0,4242,127997,1828,0,247,0,0,0
1682630696.123710,cpu,56364,0,4244,128118,1828,0,247,0,0,0
1682630696.624063,cpu,56435,0,4246,128243,1828,0,247,0,0,0
1682630697.124500,cpu,56512,0,4248,128364,1828,0,247,0,0,0
1682630697.624335,cpu,56580,0,4250,128493,1828,0,247,0,0,0
1682630698.124470,cpu,56653,0,4251,128619,1828,0,247,0,0,0
1682630698.624545,cpu,56723,0,4256,128745,1828,0,247,0,0,0
1682630699.124684,cpu,56793,0,4256,128876,1828,0,248,0,0,0
1682630699.624762,cpu,56866,0,4258,128998,1828,0,248,0,0,0
1682630700.124885,cpu,56940,0,4259,129124,1828,0,248,0,0,0
1682630700.624958,cpu,57015,0,4264,129245,1828,0,248,0,0,0
1682630701.125057,cpu,57088,0,4266,129370,1828,0,248,0,0,0
1682630701.625154,cpu,57163,0,4268,129491,1828,0,248,0,0,0
1682630702.125253,cpu,57228,0,4269,129623,1828,0,248,0,0,0
1682630702.625354,cpu,57305,0,4272,129743,1828,0,249,0,0,0
1682630703.125476,cpu,57368,0,4272,129877,1828,0,249,0,0,0
1682630703.625552,cpu,57446,0,4275,129997,1828,0,249,0,0,0
1682630704.125691,cpu,57515,0,4277,130125,1828,0,249,0,0,0
1682630704.625772,cpu,57595,0,4279,130241,1828,0,249,0,0,0
1682630705.125905,cpu,57660,0,4280,130375,1828,0,249,0,0,0
1682630705.625999,cpu,57743,0,4283,130489,1828,0,250,0,0,0
1682630706.126106,cpu,57800,0,4286,130629,1828,0,250,0,0,0
1682630706.626193,cpu,57882,0,4288,130743,1828,0,250,0,0,0
1682630707.126321,cpu,57943,0,4290,130878,1828,0,250,0,0,0
1682630707.626405,cpu,58031,0,4292,130986,1828,0,251,0,0,0
1682630708.126530,cpu,58089,0,4293,131126,1828,0,251,0,0,0
1682630708.626597,cpu,58180,0,4298,131228,1828,0,252,0,0,0
1682630709.126737,cpu,58227,0,4301,131376,1828,0,252,0,0,0
1682630709.626819,cpu,58326,0,4301,131477,1828,0,252,0,0,0
1682630710.126943,cpu,58368,0,4305,131633,1828,0,254,0,0,0
1682630710.627061,cpu,58467,0,4305,131733,1828,0,254,0,0,0
1682630711.127173,cpu,58507,0,4308,131887,1828,0,254,0,0,0
1682630711.627675,cpu,58606,0,4309,131988,1828,0,254,0,0,0
1682630712.127580,cpu,58649,0,4314,132136,1828,0,254,0,0,0
1682630712.627776,cpu,58746,0,4314,132239,1828,0,254,0,0,0
1682630713.127843,cpu,58778,0,4321,132398,1828,0,255,0,0,0
1682630713.628003,cpu,58869,0,4321,132505,1828,0,255,0,0,0
1682630714.128097,cpu,58917,0,4324,132652,1829,0,256,0,0,0
1682630714.628292,cpu,58998,0,4324,132771,1829,0,256,0,0,0
1682630715.128495,cpu,59054,0,4328,132910,1829,0,258,0,0,0
1682630715.628841,cpu,59124,0,4330,133037,1829,0,258,0,0,0
1682630716.128969,cpu,59189,0,4332,133168,1829,0,258,0,0,0
1682630716.629006,cpu,59268,0,4334,133287,1829,0,258,0,0,0
1682630717.129168,cpu,59337,0,4336,133413,1829,0,259,0,0,0
1682630717.629239,cpu,59385,0,4341,133558,1829,0,259,0,0,0
1682630718.129429,cpu,59481,0,4341,133662,1829,0,259,0,0,0
1682630718.629479,cpu,59493,0,4344,133846,1829,0,259,0,0,0
1682630719.129589,cpu,59536,0,4345,134001,1829,0,259,0,0,0
1682630719.629711,cpu,59634,0,4345,134101,1829,0,259,0,0,0
1682630720.129846,cpu,59635,0,4347,134297,1829,0,260,0,0,0
1682630720.629910,cpu,59635,0,4347,134495,1829,0,260,0,0,0
1682630721.130048,cpu,59702,0,4349,134626,1829,0,260,0,0,0
1682630721.630127,cpu,59779,0,4352,134747,1829,0,260,0,0,0
1682630722.130280,cpu,59848,0,4353,134877,1829,0,260,0,0,0
1682630722.630439,cpu,59926,0,4357,134993,1829,0,260,0,0,0
1682630723.130554,cpu,59999,0,4360,135118,1829,0,260,0,0,0
1682630723.630621,cpu,60081,0,4362,135232,1829,0,261,0,0,0
1682630724.130752,cpu,60135,0,4366,135372,1829,0,261,0,0,0
1682630724.630862,cpu,60218,0,4370,135485,1829,0,262,0,0,0
1682630725.130972,cpu,60274,0,4372,135626,1829,0,262,0,0,0
1682630725.631038,cpu,60362,0,4373,135736,1829,0,263,0,0,0
1682630726.131182,cpu,60421,0,4375,135873,1830,0,263,0,0,0
1682630726.631252,cpu,60507,0,4378,135982,1831,0,264,0,0,0
1682630727.131382,cpu,60566,0,4381,136121,1831,0,264,0,0,0
1682630727.631478,cpu,60653,0,4383,136230,1831,0,265,0,0,0
1682630728.131591,cpu,60708,0,4385,136371,1831,0,266,0,0,0
1682630728.631662,cpu,60796,0,4388,136479,1831,0,266,0,0,0
1682630729.131798,cpu,60846,0,4392,136625,1831,0,266,0,0,0
1682630729.631869,cpu,60939,0,4394,136729,1831,0,266,0,0,0
1682630730.132008,cpu,60993,0,4396,136872,1831,0,267,0,0,0
1682630730.632076,cpu,61087,0,4398,136975,1831,0,267,0,0,0
1682630731.132229,cpu,61135,0,4401,137123,1831,0,267,0,0,0
1682630731.632386,cpu,61236,0,4402,137222,1831,0,267,0,0,0
1682630732.132428,cpu,61276,0,4405,137378,1831,0,267,0,0,0
1682630732.632574,cpu,61377,0,4405,137478,1831,0,267,0,0,0
1682630733.132684,cpu,61420,0,4407,137631,1831,0,268,0,0,0
1682630733.632951,cpu,61520,0,4407,137731,1831,0,268,0,0,0
1682630734.132938,cpu,61569,0,4410,137877,1831,0,268,0,0,0
1682630734.633081,cpu,61670,0,4410,137977,1831,0,268,0,0,0
1682630735.133181,cpu,61700,0,4416,138142,1831,0,270,0,0,0
1682630735.633438,cpu,61796,0,4416,138245,1831,0,270,0,0,0
1682630736.133611,cpu,61834,0,4420,138402,1831,0,270,0,0,0
1682630736.633822,cpu,61930,0,4420,138506,1831,0,270,0,0,0
1682630737.136818,cpu,61979,0,4425,138653,1831,0,271,0,0,0
1682630737.636900,cpu,62075,0,4425,138757,1831,0,271,0,0,0
1682630738.136962,cpu,62123,0,4428,138903,1831,0,271,0,0,0
1682630738.637240,cpu,62210,0,4430,139013,1831,0,272,0,0,0
1682630739.137279,cpu,62272,0,4435,139146,1831,0,273,0,0,0
1682630739.637503,cpu,62356,0,4436,139258,1831,0,273,0,0,0
1682630740.137566,cpu,62407,0,4447,139397,1831,0,273,0,0,0
1682630740.637795,cpu,62485,0,4447,139520,1831,0,273,0,0,0
1682630741.137796,cpu,62551,0,4451,139648,1831,0,274,0,0,0
1682630741.638253,cpu,62624,0,4454,139773,1831,0,274,0,0,0
1682630742.138166,cpu,62692,0,4458,139899,1831,0,274,0,0,0
1682630742.638245,cpu,62762,0,4461,140026,1831,0,274,0,0,0
1682630743.138950,cpu,62834,0,4462,140150,1831,0,275,0,0,0
1682630743.638704,cpu,62908,0,4463,140274,1831,0,275,0,0,0
1682630744.139426,cpu,62978,0,4467,140398,1831,0,275,0,0,0
1682630744.639097,cpu,63048,0,4470,140524,1831,0,275,0,0,0
1682630745.139168,cpu,63120,0,4473,140648,1831,0,276,0,0,0
1682630745.639287,cpu,63193,0,4475,140771,1831,0,276,0,0,0
1682630746.141009,cpu,63269,0,4478,140892,1832,0,276,0,0,0
1682630746.639513,cpu,63339,0,4480,141019,1832,0,276,0,0,0
1682630747.139566,cpu,63416,0,4485,141138,1832,0,277,0,0,0
1682630747.639690,cpu,63487,0,4486,141265,1832,0,277,0,0,0
1682630748.139760,cpu,63562,0,4488,141386,1832,0,278,0,0,0
1682630748.639886,cpu,63628,0,4489,141518,1832,0,278,0,0,0
1682630749.139955,cpu,63703,0,4492,141639,1832,0,279,0,0,0
1682630749.640095,cpu,63768,0,4494,141770,1832,0,279,0,0,0
1682630750.140171,cpu,63843,0,4496,141892,1832,0,279,0,0,0
1682630750.640298,cpu,63914,0,4497,142020,1832,0,279,0,0,0
1682630751.140396,cpu,63991,0,4499,142139,1832,0,279,0,0,0
1682630751.640538,cpu,64060,0,4500,142268,1832,0,280,0,0,0
1682630752.140579,cpu,64137,0,4502,142387,1832,0,280,0,0,0
1682630752.640720,cpu,64198,0,4504,142523,1832,0,280,0,0,0
1682630753.140785,cpu,64279,0,4507,142638,1832,0,282,0,0,0
1682630753.640918,cpu,64339,0,4508,142776,1832,0,282,0,0,0
1682630754.140986,cpu,64420,0,4510,142891,1832,0,282,0,0,0
1682630754.641104,cpu,64487,0,4511,143023,1832,0,282,0,0,0
1682630755.141180,cpu,64568,0,4514,143138,1832,0,282,0,0,0
1682630755.641308,cpu,64628,0,4519,143272,1832,0,282,0,0,0
1682630756.141384,cpu,64713,0,4523,143383,1832,0,283,0,0,0
1682630756.641524,cpu,64770,0,4525,143525,1833,0,283,0,0,0
1682630757.141583,cpu,64855,0,4527,143634,1833,0,283,0,0,0
1682630757.641694,cpu,64905,0,4532,143780,1833,0,283,0,0,0
1682630758.141778,cpu,64997,0,4533,143886,1833,0,283,0,0,0
1682630758.641913,cpu,65036,0,4534,144043,1833,0,283,0,0,0
1682630759.142163,cpu,65132,0,4535,144147,1833,0,283,0,0,0
1682630759.642738,cpu,65162,0,4540,144310,1833,0,283,0,0,0
1682630760.142718,cpu,65234,0,4543,144435,1833,0,283,0,0,0
1682630760.642788,cpu,65304,0,4544,144561,1833,0,285,0,0,0
1682630761.142984,cpu,65376,0,4546,144687,1833,0,285,0,0,0
1682630761.643674,cpu,65445,0,4550,144814,1833,0,285,0,0,0
1682630762.143229,cpu,65511,0,4553,144944,1833,0,285,0,0,0
1682630762.643323,cpu,65579,0,4557,145071,1833,0,285,0,0,0
1682630763.143471,cpu,65654,0,4559,145192,1833,0,285,0,0,0
1682630763.643518,cpu,65724,0,4562,145319,1833,0,286,0,0,0
1682630764.143664,cpu,65796,0,4564,145442,1833,0,286,0,0,0
1682630764.643731,cpu,65873,0,4566,145562,1833,0,288,0,0,0
1682630765.143861,cpu,65938,0,4568,145695,1833,0,288,0,0,0
1682630765.643933,cpu,66018,0,4570,145811,1833,0,288,0,0,0
1682630766.144058,cpu,66078,0,4572,145948,1833,0,288,0,0,0
1682630766.644121,cpu,66158,0,4576,146064,1833,0,288,0,0,0
1682630767.144275,cpu,66230,0,4578,146187,1833,0,288,0,0,0
1682630767.644389,cpu,66314,0,4583,146298,1833,0,288,0,0,0
1682630768.144504,cpu,66372,0,4589,146435,1833,0,288,0,0,0
1682630768.644552,cpu,66461,0,4590,146542,1833,0,288,0,0,0
1682630769.144678,cpu,66517,0,4595,146681,1833,0,289,0,0,0
1682630769.644759,cpu,66607,0,4598,146787,1833,0,289,0,0,0
1682630770.144890,cpu,66663,0,4602,146926,1833,0,290,0,0,0
1682630770.644963,cpu,66757,0,4604,147030,1833,0,290,0,0,0
1682630771.145100,cpu,66807,0,4605,147179,1833,0,290,0,0,0
1682630771.645172,cpu,66901,0,4608,147283,1833,0,290,0,0,0
1682630772.145298,cpu,66954,0,4608,147426,1833,0,291,0,0,0
1682630772.645366,cpu,67049,0,4611,147528,1833,0,292,0,0,0
1682630773.145510,cpu,67099,0,4617,147672,1833,0,292,0,0,0
1682630773.645571,cpu,67197,0,4618,147771,1833,0,292,0,0,0
1682630774.145692,cpu,67241,0,4621,147922,1833,0,292,0,0,0
1682630774.645736,cpu,67340,0,4622,148021,1833,0,292,0,0,0
1682630775.145923,cpu,67383,0,4626,148174,1833,0,293,0,0,0
1682630775.646016,cpu,67480,0,4628,148273,1833,0,293,0,0,0
1682630776.146114,cpu,67519,0,4634,148427,1833,0,293,0,0,0
1682630776.646416,cpu,67615,0,4634,148530,1833,0,293,0,0,0
1682630777.146346,cpu,67627,0,4638,148714,1833,0,294,0,0,0
1682630777.646464,cpu,67690,0,4640,148848,1834,0,294,0,0,0
1682630778.146538,cpu,67776,0,4643,148959,1834,0,295,0,0,0
1682630778.646536,cpu,67776,0,4643,149158,1834,0,295,0,0,0
1682630779.146690,cpu,67776,0,4644,149357,1834,0,295,0,0,0
1682630779.646840,cpu,67832,0,4648,149496,1834,0,295,0,0,0
1682630780.146905,cpu,67918,0,4649,149609,1834,0,295,0,0,0
1682630780.646980,cpu,67918,0,4650,149807,1834,0,295,0,0,0
1682630781.147079,cpu,67919,0,4652,150005,1834,0,295,0,0,0
1682630781.647198,cpu,67970,0,4654,150151,1834,0,296,0,0,0
1682630782.147284,cpu,68060,0,4656,150258,1834,0,296,0,0,0
1682630782.647407,cpu,68110,0,4659,150404,1834,0,297,0,0,0
1682630783.147477,cpu,68220,0,4660,150492,1834,0,297,0,0,0
1682630783.647661,cpu,68263,0,4662,150644,1834,0,298,0,0,0
1682630784.147889,cpu,68359,0,4662,150749,1834,0,298,0,0,0
1682630784.648268,cpu,68385,0,4666,150918,1834,0,300,0,0,0
1682630785.148535,cpu,68482,0,4666,151021,1834,0,300,0,0,0
1682630785.648443,cpu,68522,0,4670,151175,1834,0,301,0,0,0
1682630786.148542,cpu,68608,0,4671,151289,1834,0,301,0,0,0
1682630786.648832,cpu,68661,0,4674,151431,1834,0,301,0,0,0
1682630787.148865,cpu,68742,0,4674,151549,1834,0,301,0,0,0
1682630787.649221,cpu,68802,0,4679,151684,1835,0,301,0,0,0
1682630788.149212,cpu,68874,0,4685,151806,1835,0,301,0,0,0
1682630788.649296,cpu,68945,0,4688,151930,1835,0,301,0,0,0
1682630789.149421,cpu,69014,0,4690,152058,1835,0,301,0,0,0
1682630789.649499,cpu,69087,0,4693,152181,1835,0,301,0,0,0
1682630790.149611,cpu,69151,0,4698,152313,1835,0,301,0,0,0
1682630790.649688,cpu,69230,0,4700,152430,1835,0,301,0,0,0
1682630791.149811,cpu,69295,0,4702,152562,1835,0,302,0,0,0
1682630791.649892,cpu,69376,0,4706,152676,1835,0,302,0,0,0
1682630792.150014,cpu,69436,0,4710,152811,1835,0,302,0,0,0
1682630792.650211,cpu,69522,0,4713,152921,1835,0,302,0,0,0
1682630793.150202,cpu,69579,0,4715,153062,1835,0,303,0,0,0
1682630793.650280,cpu,69666,0,4717,153171,1835,0,303,0,0,0
1682630794.150403,cpu,69718,0,4723,153313,1835,0,303,0,0,0
1682630794.650482,cpu,69808,0,4724,153421,1835,0,303,0,0,0
1682630795.150598,cpu,69864,0,4726,153562,1835,0,303,0,0,0
1682630795.650688,cpu,69956,0,4728,153666,1835,0,303,0,0,0
1682630796.150803,cpu,70006,0,4734,153809,1835,0,303,0,0,0
1682630796.650885,cpu,70102,0,4735,153911,1835,0,303,0,0,0
1682630797.151004,cpu,70146,0,4738,154063,1835,0,304,0,0,0
1682630797.651081,cpu,70244,0,4740,154163,1835,0,304,0,0,0
1682630798.151213,cpu,70286,0,4744,154316,1836,0,305,0,0,0
1682630798.651536,cpu,70385,0,4744,154417,1836,0,305,0,0,0
1682630799.151495,cpu,70415,0,4753,154575,1836,0,306,0,0,0
1682630799.651676,cpu,70512,0,4753,154678,1836,0,306,0,0,0
1682630800.151803,cpu,70562,0,4758,154822,1836,0,307,0,0,0
1682630800.651963,cpu,70656,0,4759,154926,1836,0,307,0,0,0
1682630801.152475,cpu,70702,0,4761,155076,1836,0,308,0,0,0
1682630801.652471,cpu,70795,0,4763,155180,1836,0,308,0,0,0
1682630802.152511,cpu,70837,0,4770,155329,1836,0,308,0,0,0
1682630802.652683,cpu,70925,0,4770,155442,1836,0,308,0,0,0
1682630803.152790,cpu,70982,0,4773,155579,1837,0,308,0,0,0
1682630803.652970,cpu,71070,0,4773,155692,1837,0,308,0,0,0
1682630804.153096,cpu,71128,0,4778,155827,1837,0,309,0,0,0
1682630804.653303,cpu,71209,0,4778,155946,1837,0,309,0,0,0
1682630805.153541,cpu,71270,0,4784,156078,1837,0,309,0,0,0
1682630805.653613,cpu,71342,0,4786,156204,1837,0,309,0,0,0
1682630806.153778,cpu,71410,0,4790,156331,1837,0,310,0,0,0
1682630806.653910,cpu,71486,0,4790,156456,1837,0,310,0,0,0
1682630807.154311,cpu,71557,0,4795,156579,1837,0,310,0,0,0
1682630807.654341,cpu,71637,0,4796,156698,1837,0,310,0,0,0
1682630808.154565,cpu,71702,0,4801,156826,1837,0,311,0,0,0
1682630808.654956,cpu,71771,0,4802,156954,1837,0,311,0,0,0
1682630809.155135,cpu,71850,0,4804,157072,1837,0,312,0,0,0
1682630809.655164,cpu,71927,0,4805,157194,1837,0,312,0,0,0
1682630810.155282,cpu,71994,0,4807,157322,1837,0,312,0,0,0
1682630810.655461,cpu,72072,0,4808,157442,1837,0,312,0,0,0
1682630811.155666,cpu,72132,0,4813,157575,1837,0,313,0,0,0
1682630811.655772,cpu,72204,0,4816,157700,1837,0,313,0,0,0
1682630812.155847,cpu,72271,0,4818,157828,1837,0,314,0,0,0
1682630812.655988,cpu,72343,0,4820,157955,1837,0,314,0,0,0
1682630813.156066,cpu,72418,0,4823,158076,1837,0,314,0,0,0
1682630813.656193,cpu,72478,0,4829,158208,1837,0,314,0,0,0
1682630814.156271,cpu,72558,0,4832,158325,1837,0,315,0,0,0
1682630814.656501,cpu,72625,0,4834,158459,1837,0,315,0,0,0
1682630815.156548,cpu,72704,0,4836,158576,1837,0,315,0,0,0
1682630815.656747,cpu,72770,0,4839,158707,1837,0,315,0,0,0
1682630816.156770,cpu,72848,0,4842,158823,1837,0,315,0,0,0
1682630816.656900,cpu,72911,0,4846,158956,1837,0,315,0,0,0
1682630817.156976,cpu,72995,0,4848,159069,1837,0,316,0,0,0
1682630817.657094,cpu,73054,0,4850,159208,1837,0,316,0,0,0
1682630818.157257,cpu,73136,0,4854,159321,1837,0,316,0,0,0
1682630818.657310,cpu,73192,0,4858,159459,1837,0,316,0,0,0
1682630819.157379,cpu,73276,0,4860,159571,1837,0,317,0,0,0
1682630819.657508,cpu,73338,0,4862,159708,1837,0,317,0,0,0
1682630820.157578,cpu,73420,0,4866,159821,1837,0,318,0,0,0
1682630820.657725,cpu,73483,0,4871,159953,1837,0,318,0,0,0
1682630821.157900,cpu,73567,0,4873,160065,1837,0,318,0,0,0
1682630821.657982,cpu,73630,0,4875,160200,1837,0,318,0,0,0
1682630822.158069,cpu,73710,0,4878,160315,1837,0,318,0,0,0
1682630822.658181,cpu,73772,0,4880,160450,1837,0,318,0,0,0
1682630823.158266,cpu,73851,0,4883,160567,1837,0,318,0,0,0
1682630823.658377,cpu,73915,0,4884,160702,1837,0,318,0,0,0
1682630824.158466,cpu,73993,0,4886,160819,1837,0,319,0,0,0
1682630824.658593,cpu,74059,0,4891,160947,1838,0,319,0,0,0
1682630825.158679,cpu,74139,0,4894,161063,1838,0,319,0,0,0
1682630825.658787,cpu,74206,0,4894,161195,1838,0,319,0,0,0
1682630826.158870,cpu,74287,0,4897,161311,1838,0,320,0,0,0
1682630826.658995,cpu,74349,0,4897,161448,1838,0,320,0,0,0
1682630827.159079,cpu,74430,0,4900,161563,1838,0,321,0,0,0
1682630827.659219,cpu,74493,0,4900,161699,1838,0,321,0,0,0
1682630828.159299,cpu,74574,0,4903,161815,1838,0,322,0,0,0
1682630828.659394,cpu,74642,0,4904,161945,1839,0,322,0,0,0
1682630829.159515,cpu,74724,0,4906,162059,1839,0,322,0,0,0
1682630829.659708,cpu,74785,0,4912,162192,1840,0,323,0,0,0
1682630830.159778,cpu,74870,0,4915,162302,1840,0,323,0,0,0
1682630830.659918,cpu,74921,0,4920,162444,1840,0,323,0,0,0
1682630831.159990,cpu,75012,0,4921,162551,1840,0,323,0,0,0
1682630831.660194,cpu,75063,0,4925,162696,1840,0,323,0,0,0
1682630832.160206,cpu,75153,0,4928,162803,1840,0,324,0,0,0
1682630832.660484,cpu,75210,0,4931,162942,1840,0,324,0,0,0
1682630833.160461,cpu,75296,0,4935,163051,1840,0,324,0,0,0
1682630833.660576,cpu,75347,0,4940,163195,1840,0,324,0,0,0
1682630834.160636,cpu,75438,0,4942,163301,1840,0,325,0,0,0
1682630834.660777,cpu,75492,0,4946,163442,1840,0,325,0,0,0
1682630835.160996,cpu,75585,0,4949,163547,1840,0,325,0,0,0
1682630835.660990,cpu,75636,0,4955,163689,1840,0,325,0,0,0
1682630836.161060,cpu,75730,0,4956,163793,1840,0,325,0,0,0
1682630836.661196,cpu,75780,0,4960,163942,1840,0,326,0,0,0
1682630837.161263,cpu,75874,0,4961,164045,1840,0,326,0,0,0
1682630837.661330,cpu,75874,0,4961,164244,1840,0,326,0,0,0
1682630838.161520,cpu,75887,0,4963,164428,1840,0,327,0,0,0
1682630838.661728,cpu,75967,0,4964,164548,1840,0,327,0,0,0
1682630839.161712,cpu,76020,0,4965,164691,1840,0,327,0,0,0
1682630839.661803,cpu,76020,0,4965,164890,1840,0,328,0,0,0
1682630840.161867,cpu,76068,0,4966,165042,1840,0,328,0,0,0
1682630840.662144,cpu,76166,0,4966,165144,1840,0,328,0,0,0
1682630841.162264,cpu,76181,0,4970,165321,1840,0,330,0,0,0
1682630841.662508,cpu,76261,0,4971,165441,1840,0,330,0,0,0
1682630842.162588,cpu,76326,0,4976,165570,1840,0,330,0,0,0
1682630842.662777,cpu,76406,0,4977,165689,1840,0,330,0,0,0
1682630843.162855,cpu,76458,0,4980,165833,1840,0,331,0,0,0
1682630843.662961,cpu,76536,0,4981,165953,1840,0,331,0,0,0
1682630844.163033,cpu,76605,0,4983,166080,1840,0,331,0,0,0
1682630844.663268,cpu,76681,0,4984,166203,1840,0,331,0,0,0
1682630845.163320,cpu,76752,0,4987,166327,1840,0,331,0,0,0
1682630845.663484,cpu,76824,0,4988,166453,1840,0,331,0,0,0
1682630846.163582,cpu,76898,0,4991,166577,1840,0,332,0,0,0
1682630846.663666,cpu,76969,0,4992,166705,1840,0,332,0,0,0
1682630847.163810,cpu,77042,0,4994,166829,1840,0,332,0,0,0
1682630847.663925,cpu,77120,0,4995,166951,1840,0,332,0,0,0
1682630848.164192,cpu,77192,0,4998,167076,1840,0,334,0,0,0
1682630848.664144,cpu,77266,0,5000,167198,1840,0,334,0,0,0
1682630849.164161,cpu,77337,0,5002,167324,1840,0,334,0,0,0
1682630849.664307,cpu,77409,0,5004,167450,1840,0,334,0,0,0
1682630850.165134,cpu,77484,0,5007,167573,1840,0,334,0,0,0
1682630850.665309,cpu,77557,0,5008,167700,1840,0,334,0,0,0
1682630851.165854,cpu,77630,0,5011,167823,1840,0,335,0,0,0
1682630851.665593,cpu,77709,0,5012,167943,1840,0,335,0,0,0
1682630852.166038,cpu,77778,0,5015,168068,1840,0,335,0,0,0
1682630852.666329,cpu,77857,0,5016,168189,1840,0,335,0,0,0
1682630853.166175,cpu,77925,0,5020,168316,1840,0,337,0,0,0
1682630853.666848,cpu,77996,0,5020,168443,1840,0,337,0,0,0
1682630854.167163,cpu,78068,0,5024,168568,1840,0,337,0,0,0
1682630854.667409,cpu,78142,0,5024,168693,1840,0,337,0,0,0
1682630855.168651,cpu,78207,0,5028,168825,1840,0,339,0,0,0
1682630855.668724,cpu,78287,0,5029,168943,1840,0,339,0,0,0
1682630856.168742,cpu,78359,0,5032,169066,1840,0,340,0,0,0
1682630856.668878,cpu,78431,0,5034,169192,1840,0,340,0,0,0
1682630857.168944,cpu,78505,0,5036,169313,1840,0,340,0,0,0
1682630857.669086,cpu,78572,0,5037,169443,1841,0,340,0,0,0
1682630858.169151,cpu,78646,0,5039,169564,1841,0,341,0,0,0
1682630858.669283,cpu,78712,0,5041,169695,1841,0,341,0,0,0
1682630859.169347,cpu,78787,0,5042,169816,1841,0,342,0,0,0
1682630859.669416,cpu,78861,0,5044,169938,1841,0,342,0,0,0
1682630860.169526,cpu,78934,0,5047,170061,1841,0,344,0,0,0
1682630860.669664,cpu,79009,0,5047,170186,1841,0,344,0,0,0
1682630861.169724,cpu,79084,0,5050,170307,1841,0,344,0,0,0
1682630861.669969,cpu,79155,0,5052,170434,1841,0,344,0,0,0
1682630862.169909,cpu,79229,0,5053,170557,1841,0,344,0,0,0
1682630862.670057,cpu,79300,0,5054,170683,1841,0,344,0,0,0
1682630863.170123,cpu,79375,0,5056,170805,1841,0,344,0,0,0
1682630863.670298,cpu,79444,0,5058,170932,1841,0,344,0,0,0
1682630864.170320,cpu,79525,0,5059,171047,1841,0,344,0,0,0
1682630864.670436,cpu,79590,0,5060,171181,1841,0,344,0,0,0
1682630865.170509,cpu,79674,0,5064,171294,1841,0,345,0,0,0
1682630865.670656,cpu,79731,0,5069,171433,1841,0,346,0,0,0
1682630866.170717,cpu,79819,0,5070,171543,1841,0,346,0,0,0
1682630866.670860,cpu,79859,0,5072,171699,1841,0,346,0,0,0
1682630867.171564,cpu,79958,0,5073,171799,1841,0,346,0,0,0
1682630867.671375,cpu,79981,0,5078,171969,1841,0,346,0,0,0
1682630868.171593,cpu,80072,0,5080,172075,1841,0,346,0,0,0
1682630868.671655,cpu,80124,0,5084,172216,1843,0,347,0,0,0
1682630869.171959,cpu,80208,0,5084,172331,1843,0,347,0,0,0
1682630869.671979,cpu,80276,0,5089,172459,1843,0,348,0,0,0
1682630870.172204,cpu,80355,0,5090,172577,1843,0,348,0,0,0
1682630870.672303,cpu,80424,0,5094,172702,1843,0,348,0,0,0
1682630871.172627,cpu,80509,0,5095,172817,1843,0,348,0,0,0
1682630871.672627,cpu,80568,0,5097,172952,1843,0,348,0,0,0
1682630872.172822,cpu,80656,0,5098,173064,1843,0,348,0,0,0
1682630872.672819,cpu,80711,0,5103,173203,1843,0,348,0,0,0
1682630873.173045,cpu,80792,0,5103,173321,1843,0,348,0,0,0
1682630873.673108,cpu,80859,0,5106,173449,1843,0,349,0,0,0
1682630874.173372,cpu,80947,0,5106,173561,1843,0,349,0,0,0
1682630874.673439,cpu,81006,0,5109,173696,1843,0,350,0,0,0
1682630875.173729,cpu,81096,0,5109,173805,1843,0,350,0,0,0
1682630875.676451,cpu,81154,0,5111,173943,1843,0,350,0,0,0
1682630876.176628,cpu,81244,0,5111,174051,1843,0,350,0,0,0
1682630876.676729,cpu,81305,0,5117,174185,1843,0,351,0,0,0
1682630877.177031,cpu,81402,0,5117,174289,1843,0,351,0,0,0
1682630877.677027,cpu,81454,0,5120,174431,1843,0,351,0,0,0
1682630878.177240,cpu,81551,0,5120,174535,1843,0,351,0,0,0
1682630878.677322,cpu,81616,0,5123,174664,1843,0,351,0,0,0
1682630879.177566,cpu,81714,0,5123,174766,1843,0,351,0,0,0
1682630879.677573,cpu,81767,0,5126,174908,1843,0,352,0,0,0
1682630880.177649,cpu,81866,0,5128,175007,1843,0,352,0,0,0
1682630880.677781,cpu,81912,0,5130,175156,1843,0,352,0,0,0
1682630881.177862,cpu,82014,0,5133,175253,1843,0,352,0,0,0
1682630881.677960,cpu,82058,0,5135,175405,1843,0,352,0,0,0
1682630882.178051,cpu,82156,0,5138,175505,1843,0,352,0,0,0
1682630882.678165,cpu,82210,0,5140,175647,1843,0,353,0,0,0
1682630883.178245,cpu,82302,0,5142,175751,1843,0,353,0,0,0
1682630883.678363,cpu,82356,0,5146,175892,1843,0,353,0,0,0
1682630884.178592,cpu,82446,0,5148,176000,1843,0,354,0,0,0
1682630884.678684,cpu,82500,0,5150,176143,1843,0,354,0,0,0
1682630885.178820,cpu,82588,0,5153,176252,1843,0,354,0,0,0
1682630885.678918,cpu,82646,0,5156,176392,1843,0,355,0,0,0
1682630886.178980,cpu,82730,0,5157,176504,1843,0,356,0,0,0
1682630886.679107,cpu,82799,0,5159,176633,1843,0,356,0,0,0
1682630887.179174,cpu,82878,0,5162,176750,1843,0,356,0,0,0
1682630887.679378,cpu,82944,0,5167,176877,1843,0,356,0,0,0
1682630888.179399,cpu,83024,0,5170,176994,1843,0,356,0,0,0
1682630888.679492,cpu,83086,0,5172,177129,1843,0,356,0,0,0
1682630889.179581,cpu,83164,0,5175,177246,1843,0,357,0,0,0
1682630889.679741,cpu,83229,0,5176,177379,1843,0,357,0,0,0
1682630890.179894,cpu,83309,0,5181,177494,1843,0,357,0,0,0
1682630890.679948,cpu,83383,0,5183,177619,1843,0,357,0,0,0
1682630891.180012,cpu,83456,0,5186,177741,1843,0,358,0,0,0
1682630891.680143,cpu,83532,0,5188,177862,1844,0,358,0,0,0
1682630892.181008,cpu,83610,0,5193,177978,1844,0,358,0,0,0
1682630892.680662,cpu,83688,0,5194,178100,1844,0,358,0,0,0
1682630893.181330,cpu,83750,0,5198,178232,1844,0,358,0,0,0
1682630893.681159,cpu,83831,0,5198,178352,1844,0,358,0,0,0
1682630894.181859,cpu,83895,0,5202,178483,1844,0,358,0,0,0
1682630894.681602,cpu,83977,0,5202,178600,1844,0,358,0,0,0
1682630895.181639,cpu,84048,0,5206,178724,1844,0,360,0,0,0
1682630895.681904,cpu,84138,0,5207,178833,1844,0,360,0,0,0
1682630896.181932,cpu,84190,0,5212,178973,1844,0,360,0,0,0
1682630896.682153,cpu,84283,0,5212,179079,1844,0,360,0,0,0
1682630897.182156,cpu,84316,0,5216,179242,1844,0,360,0,0,0
1682630897.682294,cpu,84366,0,5217,179391,1844,0,360,0,0,0
1682630898.182346,cpu,84458,0,5219,179497,1844,0,360,0,0,0
1682630898.682432,cpu,84458,0,5219,179695,1844,0,361,0,0,0
1682630899.182557,cpu,84511,0,5220,179840,1844,0,361,0,0,0
1682630899.682635,cpu,84606,0,5220,179943,1844,0,361,0,0,0
1682630900.182702,cpu,84606,0,5221,180141,1844,0,362,0,0,0
1682630900.682856,cpu,84648,0,5223,180298,1844,0,362,0,0,0
1682630901.183087,cpu,84741,0,5224,180403,1844,0,362,0,0,0
1682630901.683136,cpu,84784,0,5228,180553,1844,0,362,0,0,0
1682630902.183369,cpu,84880,0,5228,180657,1844,0,362,0,0,0
1682630902.683403,cpu,84929,0,5234,180800,1845,0,363,0,0,0
1682630903.183628,cpu,85022,0,5236,180905,1845,0,363,0,0,0
1682630903.683718,cpu,85062,0,5246,181054,1845,0,364,0,0,0
1682630904.183887,cpu,85148,0,5246,181168,1845,0,364,0,0,0
1682630904.684098,cpu,85215,0,5248,181297,1845,0,366,0,0,0
1682630905.184236,cpu,85309,0,5248,181402,1845,0,366,0,0,0
1682630905.684244,cpu,85354,0,5254,181552,1845,0,366,0,0,0
1682630906.184478,cpu,85444,0,5254,181664,1845,0,366,0,0,0
1682630906.684597,cpu,85503,0,5260,181799,1845,0,367,0,0,0
1682630907.184748,cpu,85599,0,5260,181903,1845,0,367,0,0,0
1682630907.684797,cpu,85660,0,5264,182035,1845,0,368,0,0,0
1682630908.185030,cpu,85756,0,5264,182140,1845,0,368,0,0,0
1682630908.685066,cpu,85815,0,5269,182273,1845,0,368,0,0,0
1682630909.185178,cpu,85915,0,5270,182374,1845,0,368,0,0,0
1682630909.685281,cpu,85958,0,5278,182522,1845,0,369,0,0,0
1682630910.185461,cpu,86058,0,5278,182623,1845,0,369,0,0,0
1682630910.685496,cpu,86100,0,5282,182774,1845,0,369,0,0,0
1682630911.185566,cpu,86198,0,5284,182874,1845,0,369,0,0,0
1682630911.685797,cpu,86250,0,5287,183019,1845,0,370,0,0,0
1682630912.185763,cpu,86346,0,5288,183120,1845,0,370,0,0,0
1682630912.685875,cpu,86399,0,5292,183263,1845,0,370,0,0,0
1682630913.185954,cpu,86493,0,5293,183367,1845,0,371,0,0,0
1682630913.686075,cpu,86544,0,5295,183512,1845,0,371,0,0,0
1682630914.186193,cpu,86637,0,5297,183618,1845,0,371,0,0,0
1682630914.686294,cpu,86689,0,5301,183761,1845,0,371,0,0,0
1682630915.186363,cpu,86777,0,5305,183870,1845,0,372,0,0,0
1682630915.686479,cpu,86832,0,5310,184008,1845,0,372,0,0,0
1682630916.186558,cpu,86925,0,5313,184113,1845,0,372,0,0,0
1682630916.686751,cpu,86976,0,5317,184256,1845,0,372,0,0,0
1682630917.186770,cpu,87070,0,5320,184360,1845,0,372,0,0,0
1682630917.686910,cpu,87120,0,5324,184503,1845,0,372,0,0,0
1682630918.186974,cpu,87215,0,5326,184606,1845,0,372,0,0,0
1682630918.687115,cpu,87259,0,5329,184757,1845,0,374,0,0,0
1682630919.187317,cpu,87354,0,5331,184859,1845,0,374,0,0,0
1682630919.687361,cpu,87405,0,5335,185001,1845,0,374,0,0,0
1682630920.187394,cpu,87503,0,5339,185098,1845,0,374,0,0,0
1682630920.687531,cpu,87553,0,5340,185245,1845,0,375,0,0,0
1682630921.187604,cpu,87648,0,5342,185347,1845,0,375,0,0,0
1682630921.687787,cpu,87693,0,5347,185496,1845,0,376,0,0,0
1682630922.187860,cpu,87792,0,5348,185595,1845,0,376,0,0,0
1682630922.687994,cpu,87837,0,5352,185746,1845,0,376,0,0,0
1682630923.188090,cpu,87934,0,5352,185848,1845,0,377,0,0,0
1682630923.688231,cpu,87985,0,5356,185992,1845,0,378,0,0,0
1682630924.188291,cpu,88084,0,5358,186091,1845,0,378,0,0,0
1682630924.688444,cpu,88136,0,5359,186235,1846,0,378,0,0,0
1682630925.188502,cpu,88235,0,5360,186335,1846,0,378,0,0,0
1682630925.688635,cpu,88281,0,5362,186486,1846,0,378,0,0,0
1682630926.188707,cpu,88377,0,5364,186589,1846,0,378,0,0,0
1682630926.688836,cpu,88432,0,5366,186732,1846,0,379,0,0,0
1682630927.188915,cpu,88523,0,5368,186837,1846,0,379,0,0,0
1682630927.689080,cpu,88575,0,5372,186979,1846,0,379,0,0,0
1682630928.189116,cpu,88670,0,5374,187082,1846,0,380,0,0,0
1682630928.689255,cpu,88711,0,5377,187236,1846,0,380,0,0,0
1682630929.189394,cpu,88811,0,5378,187336,1846,0,380,0,0,0
1682630929.689480,cpu,88853,0,5384,187485,1846,0,381,0,0,0
1682630930.189540,cpu,88952,0,5386,187584,1846,0,381,0,0,0
1682630930.689679,cpu,89002,0,5388,187731,1846,0,382,0,0,0
1682630931.189747,cpu,89098,0,5390,187833,1846,0,382,0,0,0
1682630931.689893,cpu,89146,0,5394,187977,1846,0,382,0,0,0
1682630932.189961,cpu,89242,0,5396,188079,1846,0,382,0,0,0
1682630932.690104,cpu,89289,0,5400,188226,1846,0,382,0,0,0
1682630933.190173,cpu,89379,0,5406,188331,1846,0,382,0,0,0
1682630933.690411,cpu,89427,0,5411,188477,1846,0,382,0,0,0
1682630934.190370,cpu,89520,0,5414,188582,1846,0,382,0,0,0
1682630934.690517,cpu,89575,0,5414,188724,1846,0,383,0,0,0
1682630935.190583,cpu,89665,0,5418,188831,1846,0,384,0,0,0
1682630935.690766,cpu,89721,0,5424,188968,1846,0,384,0,0,0
1682630936.190793,cpu,89813,0,5424,189073,1846,0,384,0,0,0
1682630936.690902,cpu,89867,0,5428,189217,1846,0,385,0,0,0
1682630937.190982,cpu,89955,0,5432,189325,1846,0,386,0,0,0
1682630937.691134,cpu,90008,0,5436,189467,1846,0,386,0,0,0
1682630938.191201,cpu,90096,0,5439,189574,1846,0,386,0,0,0
1682630938.691353,cpu,90149,0,5441,189718,1846,0,386,0,0,0
1682630939.191422,cpu,90233,0,5444,189830,1846,0,387,0,0,0
1682630939.691538,cpu,90286,0,5448,189971,1846,0,387,0,0,0
1682630940.191623,cpu,90370,0,5450,190083,1846,0,387,0,0,0
1682630940.691767,cpu,90428,0,5451,190223,1846,0,387,0,0,0
1682630941.191828,cpu,90508,0,5454,190338,1846,0,387,0,0,0
1682630941.691941,cpu,90570,0,5456,190476,1846,0,387,0,0,0
1682630942.192025,cpu,90647,0,5459,190595,1846,0,388,0,0,0
1682630942.692144,cpu,90706,0,5463,190732,1846,0,388,0,0,0
1682630943.192221,cpu,90784,0,5464,190851,1846,0,388,0,0,0
